{
    "TATACOMM.NS": "{\"Open\":{\"1606348800000\":633.5468139648,\"1606435200000\":633.0500488281,\"1606521600000\":632.7096557617,\"1606608000000\":632.1394042969,\"1606694400000\":632.1351318359,\"1606780800000\":632.649597168,\"1606867200000\":632.6399536133,\"1606953600000\":632.8655395508,\"1607040000000\":632.4909057617,\"1607126400000\":631.7008056641,\"1607212800000\":631.4673461914,\"1607299200000\":631.7971191406,\"1607385600000\":632.4978637695,\"1607472000000\":633.7650756836,\"1607558400000\":635.401550293,\"1607644800000\":636.003112793,\"1607731200000\":636.7860717773,\"1607817600000\":636.708190918,\"1607904000000\":635.551574707,\"1607990400000\":634.5993041992,\"1608076800000\":634.8249511719,\"1608163200000\":635.2458496094,\"1608249600000\":635.0962524414,\"1608336000000\":634.9350585938,\"1608422400000\":635.1048583984,\"1608508800000\":634.8387451172,\"1608595200000\":634.5682983398,\"1608681600000\":634.4237670898,\"1608768000000\":634.3353271484,\"1608854400000\":634.3781738281}}",
    "TVSMOTOR.NS": "{\"Open\":{\"1606348800000\":460.2776794434,\"1606435200000\":459.556060791,\"1606521600000\":458.9704284668,\"1606608000000\":458.3497314453,\"1606694400000\":458.0668334961,\"1606780800000\":457.7658081055,\"1606867200000\":457.5761413574,\"1606953600000\":457.5489196777,\"1607040000000\":457.8910217285,\"1607126400000\":458.9388122559,\"1607212800000\":460.3936157227,\"1607299200000\":462.0199890137,\"1607385600000\":463.4868774414,\"1607472000000\":464.4315185547,\"1607558400000\":464.395690918,\"1607644800000\":463.7789916992,\"1607731200000\":462.8162841797,\"1607817600000\":461.8782043457,\"1607904000000\":462.3333740234,\"1607990400000\":465.130859375,\"1608076800000\":468.6988830566,\"1608163200000\":472.6512451172,\"1608249600000\":476.3259277344,\"1608336000000\":479.0579833984,\"1608422400000\":480.9872741699,\"1608508800000\":483.0085754395,\"1608595200000\":484.5272827148,\"1608681600000\":485.5633544922,\"1608768000000\":485.7814025879,\"1608854400000\":485.3161315918}}",
    "AXISBANK.NS": "{\"Open\":{\"1606348800000\":532.6049804688,\"1606435200000\":533.134765625,\"1606521600000\":532.3591918945,\"1606608000000\":530.8994750977,\"1606694400000\":529.2598266602,\"1606780800000\":527.311340332,\"1606867200000\":525.6365356445,\"1606953600000\":524.5858764648,\"1607040000000\":524.0232543945,\"1607126400000\":523.7232055664,\"1607212800000\":523.5979614258,\"1607299200000\":523.3751831055,\"1607385600000\":523.1246337891,\"1607472000000\":522.5793457031,\"1607558400000\":521.4797973633,\"1607644800000\":520.1937866211,\"1607731200000\":518.7737426758,\"1607817600000\":517.4741210938,\"1607904000000\":516.857421875,\"1607990400000\":516.8706054688,\"1608076800000\":516.9161987305,\"1608163200000\":517.1592407227,\"1608249600000\":517.7235107422,\"1608336000000\":518.5113525391,\"1608422400000\":519.302734375,\"1608508800000\":520.0981445312,\"1608595200000\":521.0346679688,\"1608681600000\":522.3154296875,\"1608768000000\":523.4204101562,\"1608854400000\":524.2647705078}}",
    "ADANIGREEN.NS": "{\"Open\":{\"1606348800000\":374.736328125,\"1606435200000\":382.9604187012,\"1606521600000\":388.1186523438,\"1606608000000\":389.773651123,\"1606694400000\":390.3506469727,\"1606780800000\":390.263458252,\"1606867200000\":390.3238525391,\"1606953600000\":390.7075195312,\"1607040000000\":391.9071044922,\"1607126400000\":394.1907348633,\"1607212800000\":396.4487609863,\"1607299200000\":397.784942627,\"1607385600000\":397.9057922363,\"1607472000000\":397.2884521484,\"1607558400000\":395.1748657227,\"1607644800000\":391.4998779297,\"1607731200000\":387.1254577637,\"1607817600000\":384.3183898926,\"1607904000000\":384.3920288086,\"1607990400000\":386.4497375488,\"1608076800000\":389.4980773926,\"1608163200000\":392.5466918945,\"1608249600000\":395.177734375,\"1608336000000\":397.0520629883,\"1608422400000\":397.4169616699,\"1608508800000\":396.4125061035,\"1608595200000\":394.7397766113,\"1608681600000\":392.7203063965,\"1608768000000\":390.7433776855,\"1608854400000\":389.7415161133}}",
    "TATAMOTORS.NS": "{\"Open\":{\"1606348800000\":160.0775756836,\"1606435200000\":161.1366119385,\"1606521600000\":161.6636505127,\"1606608000000\":161.7829437256,\"1606694400000\":161.2990112305,\"1606780800000\":160.1538543701,\"1606867200000\":158.9848632812,\"1606953600000\":158.1022491455,\"1607040000000\":157.8003692627,\"1607126400000\":157.9353179932,\"1607212800000\":158.5537567139,\"1607299200000\":159.2322845459,\"1607385600000\":159.8345947266,\"1607472000000\":159.8375091553,\"1607558400000\":159.0242156982,\"1607644800000\":157.747253418,\"1607731200000\":155.9860534668,\"1607817600000\":154.2952728271,\"1607904000000\":153.1848144531,\"1607990400000\":152.7332000732,\"1608076800000\":152.7520751953,\"1608163200000\":153.2544708252,\"1608249600000\":154.0290985107,\"1608336000000\":155.2379150391,\"1608422400000\":156.5709075928,\"1608508800000\":157.721862793,\"1608595200000\":158.4374237061,\"1608681600000\":158.5045928955,\"1608768000000\":158.0298614502,\"1608854400000\":157.0958404541}}",
    "TCS.NS": "{\"Open\":{\"1606348800000\":2103.42578125,\"1606435200000\":2103.2619628906,\"1606521600000\":2103.3974609375,\"1606608000000\":2103.6474609375,\"1606694400000\":2103.9055175781,\"1606780800000\":2104.7873535156,\"1606867200000\":2105.7873535156,\"1606953600000\":2106.6772460938,\"1607040000000\":2106.9282226562,\"1607126400000\":2107.1357421875,\"1607212800000\":2108.2202148438,\"1607299200000\":2109.7966308594,\"1607385600000\":2111.3278808594,\"1607472000000\":2112.7683105469,\"1607558400000\":2113.6545410156,\"1607644800000\":2114.7036132812,\"1607731200000\":2116.2377929688,\"1607817600000\":2117.2746582031,\"1607904000000\":2117.5270996094,\"1607990400000\":2117.15625,\"1608076800000\":2116.7932128906,\"1608163200000\":2116.380859375,\"1608249600000\":2114.2155761719,\"1608336000000\":2112.2150878906,\"1608422400000\":2110.853515625,\"1608508800000\":2108.9235839844,\"1608595200000\":2108.4909667969,\"1608681600000\":2108.4641113281,\"1608768000000\":2108.6901855469,\"1608854400000\":2109.212890625}}",
    "IDEA.NS": "{\"Open\":{\"1606348800000\":7.2130284309,\"1606435200000\":7.2761178017,\"1606521600000\":7.4049057961,\"1606608000000\":7.5577397346,\"1606694400000\":7.6978878975,\"1606780800000\":7.7634243965,\"1606867200000\":7.7966256142,\"1606953600000\":7.8228592873,\"1607040000000\":7.8533139229,\"1607126400000\":7.9071450233,\"1607212800000\":7.9646248817,\"1607299200000\":8.0034332275,\"1607385600000\":8.0312328339,\"1607472000000\":8.0388355255,\"1607558400000\":8.0057468414,\"1607644800000\":7.9417157173,\"1607731200000\":7.8498501778,\"1607817600000\":7.7706303596,\"1607904000000\":7.7458729744,\"1607990400000\":7.7382035255,\"1608076800000\":7.7178235054,\"1608163200000\":7.6802010536,\"1608249600000\":7.6315808296,\"1608336000000\":7.5753045082,\"1608422400000\":7.512114048,\"1608508800000\":7.4527630806,\"1608595200000\":7.4078450203,\"1608681600000\":7.372572422,\"1608768000000\":7.3335957527,\"1608854400000\":7.2894692421}}"
}