{
    "tatacomm": "{\"Open\":{\"1606348800000\":639.4509887695,\"1606435200000\":639.2167358398,\"1606521600000\":639.3422241211,\"1606608000000\":638.6654052734,\"1606694400000\":638.7916870117,\"1606780800000\":639.0325927734,\"1606867200000\":638.7201538086,\"1606953600000\":638.878112793,\"1607040000000\":638.6381835938,\"1607126400000\":638.2025756836,\"1607212800000\":638.0997924805,\"1607299200000\":638.2730102539,\"1607385600000\":638.4580078125,\"1607472000000\":638.9864501953,\"1607558400000\":639.7008056641,\"1607644800000\":639.7056884766,\"1607731200000\":640.1838378906,\"1607817600000\":640.5120849609,\"1607904000000\":640.5316772461,\"1607990400000\":640.6879272461,\"1608076800000\":641.5219116211,\"1608163200000\":641.9705200195,\"1608249600000\":642.0635375977,\"1608336000000\":642.0676879883,\"1608422400000\":642.3302612305,\"1608508800000\":642.1901855469,\"1608595200000\":641.9356079102,\"1608681600000\":641.8720703125,\"1608768000000\":641.6802978516,\"1608854400000\":641.6254272461}}",
    "tvsmotor": "{\"Open\":{\"1606348800000\":441.5848388672,\"1606435200000\":439.4779663086,\"1606521600000\":437.6612854004,\"1606608000000\":436.4254150391,\"1606694400000\":435.626953125,\"1606780800000\":435.0746154785,\"1606867200000\":434.8895874023,\"1606953600000\":434.9138183594,\"1607040000000\":435.4475097656,\"1607126400000\":436.4104003906,\"1607212800000\":437.7708129883,\"1607299200000\":439.1839599609,\"1607385600000\":440.3530273438,\"1607472000000\":440.8076171875,\"1607558400000\":440.1615905762,\"1607644800000\":438.9200744629,\"1607731200000\":437.3139953613,\"1607817600000\":435.9403076172,\"1607904000000\":435.5493469238,\"1607990400000\":436.6252441406,\"1608076800000\":438.7520751953,\"1608163200000\":441.8001708984,\"1608249600000\":444.9860534668,\"1608336000000\":447.3181152344,\"1608422400000\":448.4586791992,\"1608508800000\":448.9322814941,\"1608595200000\":448.5811157227,\"1608681600000\":447.5935668945,\"1608768000000\":445.962097168,\"1608854400000\":443.9360656738}}",
    "axisbank": "{\"Open\":{\"1606348800000\":532.9689941406,\"1606435200000\":532.1333618164,\"1606521600000\":529.7315063477,\"1606608000000\":526.5282592773,\"1606694400000\":523.6337280273,\"1606780800000\":520.5075683594,\"1606867200000\":517.8405761719,\"1606953600000\":516.5382080078,\"1607040000000\":516.5101928711,\"1607126400000\":516.6482543945,\"1607212800000\":517.0438232422,\"1607299200000\":517.1755981445,\"1607385600000\":517.1594848633,\"1607472000000\":516.8548583984,\"1607558400000\":515.3901977539,\"1607644800000\":513.256652832,\"1607731200000\":511.2463684082,\"1607817600000\":509.3519592285,\"1607904000000\":508.8811950684,\"1607990400000\":510.1613769531,\"1608076800000\":511.1514892578,\"1608163200000\":512.1325683594,\"1608249600000\":513.8154907227,\"1608336000000\":515.4712524414,\"1608422400000\":516.856628418,\"1608508800000\":518.1721801758,\"1608595200000\":519.3070678711,\"1608681600000\":521.1190185547,\"1608768000000\":522.5556030273,\"1608854400000\":523.1340332031}}",
    "adanigreen": "{\"Open\":{\"1606348800000\":385.4640197754,\"1606435200000\":395.4505004883,\"1606521600000\":402.767791748,\"1606608000000\":408.0288696289,\"1606694400000\":412.0695495605,\"1606780800000\":415.5492553711,\"1606867200000\":419.076171875,\"1606953600000\":422.5626525879,\"1607040000000\":427.0222473145,\"1607126400000\":432.5137634277,\"1607212800000\":438.4418334961,\"1607299200000\":443.3550109863,\"1607385600000\":447.7100830078,\"1607472000000\":451.100189209,\"1607558400000\":452.7862854004,\"1607644800000\":453.0618286133,\"1607731200000\":452.4292602539,\"1607817600000\":452.5880432129,\"1607904000000\":454.1317443848,\"1607990400000\":457.2934875488,\"1608076800000\":461.8505859375,\"1608163200000\":466.6478881836,\"1608249600000\":471.2285766602,\"1608336000000\":475.2603759766,\"1608422400000\":478.3830871582,\"1608508800000\":480.7774658203,\"1608595200000\":482.1235351562,\"1608681600000\":482.7798156738,\"1608768000000\":483.3006896973,\"1608854400000\":483.9469299316}}",
    "tatamotors": "{\"Open\":{\"1606348800000\":151.9996490479,\"1606435200000\":152.5556793213,\"1606521600000\":153.0590820312,\"1606608000000\":153.4516143799,\"1606694400000\":153.6365661621,\"1606780800000\":153.5781860352,\"1606867200000\":153.4156646729,\"1606953600000\":153.3474884033,\"1607040000000\":153.4306793213,\"1607126400000\":153.634765625,\"1607212800000\":153.891998291,\"1607299200000\":154.1104736328,\"1607385600000\":154.247467041,\"1607472000000\":154.1249694824,\"1607558400000\":153.7540435791,\"1607644800000\":153.2156982422,\"1607731200000\":152.5920715332,\"1607817600000\":151.9485778809,\"1607904000000\":151.4766693115,\"1607990400000\":151.257232666,\"1608076800000\":151.1806030273,\"1608163200000\":151.1601104736,\"1608249600000\":151.1987762451,\"1608336000000\":151.3518066406,\"1608422400000\":151.6435852051,\"1608508800000\":151.938873291,\"1608595200000\":152.1329803467,\"1608681600000\":152.1737518311,\"1608768000000\":152.1018371582,\"1608854400000\":151.9104309082}}",
    "tcs": "{\"Open\":{\"1606348800000\":2072.9350585938,\"1606435200000\":2072.8002929688,\"1606521600000\":2072.9721679688,\"1606608000000\":2073.0969238281,\"1606694400000\":2073.3708496094,\"1606780800000\":2073.8332519531,\"1606867200000\":2074.0925292969,\"1606953600000\":2074.0478515625,\"1607040000000\":2073.5795898438,\"1607126400000\":2073.7375488281,\"1607212800000\":2073.9155273438,\"1607299200000\":2074.3212890625,\"1607385600000\":2074.5886230469,\"1607472000000\":2074.8227539062,\"1607558400000\":2074.7604980469,\"1607644800000\":2075.8386230469,\"1607731200000\":2077.7556152344,\"1607817600000\":2078.4301757812,\"1607904000000\":2079.6394042969,\"1607990400000\":2080.1923828125,\"1608076800000\":2081.0705566406,\"1608163200000\":2081.1555175781,\"1608249600000\":2078.4650878906,\"1608336000000\":2076.2189941406,\"1608422400000\":2073.4851074219,\"1608508800000\":2069.5454101562,\"1608595200000\":2067.5456542969,\"1608681600000\":2065.9104003906,\"1608768000000\":2065.1372070312,\"1608854400000\":2065.0444335938}}"
}