{
    "TATACOMM.NS": "{\"Open\":{\"1606348800000\":632.3057861328,\"1606435200000\":632.1503295898,\"1606521600000\":632.1943969727,\"1606608000000\":631.9208374023,\"1606694400000\":631.9853515625,\"1606780800000\":632.2482299805,\"1606867200000\":632.1841430664,\"1606953600000\":632.266784668,\"1607040000000\":632.106262207,\"1607126400000\":631.7750854492,\"1607212800000\":631.7052001953,\"1607299200000\":631.8594360352,\"1607385600000\":632.2002563477,\"1607472000000\":632.7744140625,\"1607558400000\":633.4796142578,\"1607644800000\":633.6527709961,\"1607731200000\":633.8932495117,\"1607817600000\":633.8162841797,\"1607904000000\":633.330078125,\"1607990400000\":632.957824707,\"1608076800000\":633.0829467773,\"1608163200000\":633.2061767578,\"1608249600000\":633.067199707,\"1608336000000\":632.9140014648,\"1608422400000\":632.9663085938,\"1608508800000\":632.8176879883,\"1608595200000\":632.632019043,\"1608681600000\":632.5368652344,\"1608768000000\":632.460144043,\"1608854400000\":632.4841308594}}",
    "TVSMOTOR.NS": "{\"Open\":{\"1606348800000\":436.7708740234,\"1606435200000\":433.4717102051,\"1606521600000\":430.9309997559,\"1606608000000\":429.5825500488,\"1606694400000\":429.2407836914,\"1606780800000\":429.0642089844,\"1606867200000\":429.5588684082,\"1606953600000\":430.4056396484,\"1607040000000\":432.6949157715,\"1607126400000\":435.7939453125,\"1607212800000\":439.3616027832,\"1607299200000\":442.0734558105,\"1607385600000\":443.7442626953,\"1607472000000\":443.5118713379,\"1607558400000\":440.7812194824,\"1607644800000\":437.272277832,\"1607731200000\":433.2760925293,\"1607817600000\":430.6006774902,\"1607904000000\":431.8467407227,\"1607990400000\":437.1921386719,\"1608076800000\":443.3129272461,\"1608163200000\":449.5469360352,\"1608249600000\":454.0367736816,\"1608336000000\":456.0223388672,\"1608422400000\":455.9975280762,\"1608508800000\":455.4833984375,\"1608595200000\":454.0969238281,\"1608681600000\":452.0596313477,\"1608768000000\":448.9489135742,\"1608854400000\":445.1692199707}}",
    "AXISBANK.NS": "{\"Open\":{\"1606348800000\":530.5837402344,\"1606435200000\":530.2647705078,\"1606521600000\":529.2749633789,\"1606608000000\":528.0642089844,\"1606694400000\":527.0599365234,\"1606780800000\":525.9371948242,\"1606867200000\":525.1396484375,\"1606953600000\":524.8177490234,\"1607040000000\":524.8884887695,\"1607126400000\":524.9330444336,\"1607212800000\":525.1365966797,\"1607299200000\":525.1803588867,\"1607385600000\":525.2684326172,\"1607472000000\":525.2701416016,\"1607558400000\":524.8635253906,\"1607644800000\":524.3544311523,\"1607731200000\":523.8758544922,\"1607817600000\":523.4536132812,\"1607904000000\":523.4457397461,\"1607990400000\":523.8485107422,\"1608076800000\":524.0231933594,\"1608163200000\":524.2899780273,\"1608249600000\":524.7052612305,\"1608336000000\":525.1015014648,\"1608422400000\":525.4586791992,\"1608508800000\":525.8421020508,\"1608595200000\":526.1547851562,\"1608681600000\":526.752746582,\"1608768000000\":527.0783691406,\"1608854400000\":527.1940917969}}",
    "ADANIGREEN.NS": "{\"Open\":{\"1606348800000\":387.2319641113,\"1606435200000\":394.1762695312,\"1606521600000\":398.6983947754,\"1606608000000\":401.5880126953,\"1606694400000\":403.0693664551,\"1606780800000\":404.0852661133,\"1606867200000\":404.800567627,\"1606953600000\":405.6182556152,\"1607040000000\":407.0297546387,\"1607126400000\":409.4049682617,\"1607212800000\":412.147064209,\"1607299200000\":413.7604064941,\"1607385600000\":414.7723693848,\"1607472000000\":414.8179626465,\"1607558400000\":413.4577941895,\"1607644800000\":410.8955688477,\"1607731200000\":407.8338623047,\"1607817600000\":405.6615600586,\"1607904000000\":405.4997253418,\"1607990400000\":407.2580566406,\"1608076800000\":410.4410095215,\"1608163200000\":413.5542907715,\"1608249600000\":416.2476196289,\"1608336000000\":418.2918395996,\"1608422400000\":419.1553955078,\"1608508800000\":419.1106567383,\"1608595200000\":418.057220459,\"1608681600000\":416.6803894043,\"1608768000000\":415.287902832,\"1608854400000\":414.3648376465}}",
    "TATAMOTORS.NS": "{\"Open\":{\"1606348800000\":159.7805480957,\"1606435200000\":160.1645812988,\"1606521600000\":160.4443511963,\"1606608000000\":160.5907745361,\"1606694400000\":160.513458252,\"1606780800000\":160.190612793,\"1606867200000\":159.8164367676,\"1606953600000\":159.5994110107,\"1607040000000\":159.5978240967,\"1607126400000\":159.7820281982,\"1607212800000\":160.0402679443,\"1607299200000\":160.278717041,\"1607385600000\":160.3990936279,\"1607472000000\":160.2290496826,\"1607558400000\":159.7702178955,\"1607644800000\":159.1656951904,\"1607731200000\":158.5218658447,\"1607817600000\":157.9177703857,\"1607904000000\":157.5719146729,\"1607990400000\":157.5525360107,\"1608076800000\":157.6866912842,\"1608163200000\":157.8953704834,\"1608249600000\":158.1135253906,\"1608336000000\":158.3840484619,\"1608422400000\":158.8001098633,\"1608508800000\":159.1321258545,\"1608595200000\":159.3015289307,\"1608681600000\":159.2545318604,\"1608768000000\":159.0657348633,\"1608854400000\":158.7574615479}}",
    "TCS.NS": "{\"Open\":{\"1606348800000\":2058.5297851562,\"1606435200000\":2057.9836425781,\"1606521600000\":2057.990234375,\"1606608000000\":2057.7336425781,\"1606694400000\":2057.0083007812,\"1606780800000\":2057.1865234375,\"1606867200000\":2057.158203125,\"1606953600000\":2057.0173339844,\"1607040000000\":2055.6892089844,\"1607126400000\":2054.1440429688,\"1607212800000\":2053.7707519531,\"1607299200000\":2053.9787597656,\"1607385600000\":2053.9956054688,\"1607472000000\":2053.8112792969,\"1607558400000\":2053.3083496094,\"1607644800000\":2054.6713867188,\"1607731200000\":2057.6254882812,\"1607817600000\":2058.3666992188,\"1607904000000\":2059.1923828125,\"1607990400000\":2058.5959472656,\"1608076800000\":2058.1977539062,\"1608163200000\":2057.0500488281,\"1608249600000\":2051.4311523438,\"1608336000000\":2047.6865234375,\"1608422400000\":2043.732421875,\"1608508800000\":2037.1710205078,\"1608595200000\":2034.5847167969,\"1608681600000\":2031.6569824219,\"1608768000000\":2029.5928955078,\"1608854400000\":2028.5378417969}}",
    "IDEA.NS": "{\"Open\":{\"1606348800000\":7.5971913338,\"1606435200000\":7.7318062782,\"1606521600000\":7.9389481544,\"1606608000000\":8.1736183167,\"1606694400000\":8.3495521545,\"1606780800000\":8.4261398315,\"1606867200000\":8.4697132111,\"1606953600000\":8.5034484863,\"1607040000000\":8.5486927032,\"1607126400000\":8.6236476898,\"1607212800000\":8.6948471069,\"1607299200000\":8.7324485779,\"1607385600000\":8.7497367859,\"1607472000000\":8.7152996063,\"1607558400000\":8.6316986084,\"1607644800000\":8.4874095917,\"1607731200000\":8.3213729858,\"1607817600000\":8.2111587524,\"1607904000000\":8.183303833,\"1607990400000\":8.1711196899,\"1608076800000\":8.1357345581,\"1608163200000\":8.0767612457,\"1608249600000\":8.0016555786,\"1608336000000\":7.9193005562,\"1608422400000\":7.829226017,\"1608508800000\":7.7569260597,\"1608595200000\":7.7076001167,\"1608681600000\":7.6678967476,\"1608768000000\":7.6218037605,\"1608854400000\":7.5652737617}}"
}