{
    "TATACOMM.NS": "{\"Open\":{\"1606348800000\":601.6209716797,\"1606435200000\":600.6899414062,\"1606521600000\":599.9219360352,\"1606608000000\":598.4574584961,\"1606694400000\":597.2041015625,\"1606780800000\":596.189453125,\"1606867200000\":595.3024902344,\"1606953600000\":594.692199707,\"1607040000000\":594.2166137695,\"1607126400000\":593.3734741211,\"1607212800000\":592.3829345703,\"1607299200000\":591.4411621094,\"1607385600000\":591.2230834961,\"1607472000000\":591.7713012695,\"1607558400000\":593.1294555664,\"1607644800000\":595.0012207031,\"1607731200000\":597.1920776367,\"1607817600000\":599.6917724609,\"1607904000000\":601.7556152344,\"1607990400000\":603.1604003906,\"1608076800000\":604.0299072266,\"1608163200000\":604.5191650391,\"1608249600000\":604.530090332,\"1608336000000\":604.1271362305,\"1608422400000\":603.9002685547,\"1608508800000\":603.453125,\"1608595200000\":602.6801757812,\"1608681600000\":601.9064331055,\"1608768000000\":601.1445922852,\"1608854400000\":600.6602783203}}",
    "TVSMOTOR.NS": "{\"Open\":{\"1606348800000\":447.0255737305,\"1606435200000\":446.4627075195,\"1606521600000\":445.7719116211,\"1606608000000\":445.4213256836,\"1606694400000\":445.1620788574,\"1606780800000\":444.9434509277,\"1606867200000\":445.0378723145,\"1606953600000\":445.1904907227,\"1607040000000\":445.8827514648,\"1607126400000\":446.8558044434,\"1607212800000\":448.2297668457,\"1607299200000\":449.7866821289,\"1607385600000\":451.3555908203,\"1607472000000\":452.5392150879,\"1607558400000\":452.7600402832,\"1607644800000\":452.1796264648,\"1607731200000\":450.7160949707,\"1607817600000\":449.0920715332,\"1607904000000\":448.6066589355,\"1607990400000\":449.8865356445,\"1608076800000\":452.3540039062,\"1608163200000\":456.0429382324,\"1608249600000\":460.1271362305,\"1608336000000\":463.4251708984,\"1608422400000\":465.6108703613,\"1608508800000\":467.0498046875,\"1608595200000\":467.3129882812,\"1608681600000\":466.3963623047,\"1608768000000\":463.9586791992,\"1608854400000\":460.3460693359}}",
    "AXISBANK.NS": "{\"Open\":{\"1606348800000\":517.6815795898,\"1606435200000\":518.1044921875,\"1606521600000\":518.1860351562,\"1606608000000\":518.0939941406,\"1606694400000\":517.8076171875,\"1606780800000\":517.3935546875,\"1606867200000\":517.0020751953,\"1606953600000\":516.6075439453,\"1607040000000\":516.2515258789,\"1607126400000\":516.0053100586,\"1607212800000\":515.7745361328,\"1607299200000\":515.5829467773,\"1607385600000\":515.42578125,\"1607472000000\":515.2247314453,\"1607558400000\":515.0148925781,\"1607644800000\":514.8303833008,\"1607731200000\":514.5711669922,\"1607817600000\":514.3885498047,\"1607904000000\":514.2838134766,\"1607990400000\":514.1325073242,\"1608076800000\":514.0422973633,\"1608163200000\":514.0668945312,\"1608249600000\":514.0942382812,\"1608336000000\":514.1699829102,\"1608422400000\":514.2934570312,\"1608508800000\":514.4322509766,\"1608595200000\":514.6712646484,\"1608681600000\":514.9303588867,\"1608768000000\":515.1775512695,\"1608854400000\":515.4659423828}}",
    "ADANIGREEN.NS": "{\"Open\":{\"1606348800000\":360.8040771484,\"1606435200000\":364.6452941895,\"1606521600000\":367.3632202148,\"1606608000000\":368.9183349609,\"1606694400000\":368.9261169434,\"1606780800000\":368.8883361816,\"1606867200000\":368.1176147461,\"1606953600000\":367.6350708008,\"1607040000000\":367.1638183594,\"1607126400000\":367.0996704102,\"1607212800000\":367.1352233887,\"1607299200000\":366.6813354492,\"1607385600000\":366.1307067871,\"1607472000000\":365.2276000977,\"1607558400000\":364.1265563965,\"1607644800000\":362.7579650879,\"1607731200000\":361.651184082,\"1607817600000\":359.789642334,\"1607904000000\":359.054901123,\"1607990400000\":358.9189758301,\"1608076800000\":359.4455566406,\"1608163200000\":359.5944824219,\"1608249600000\":359.3531494141,\"1608336000000\":359.2068786621,\"1608422400000\":358.8959350586,\"1608508800000\":358.5960083008,\"1608595200000\":357.6255187988,\"1608681600000\":357.055480957,\"1608768000000\":356.4678955078,\"1608854400000\":355.5297851562}}",
    "TATAMOTORS.NS": "{\"Open\":{\"1606348800000\":157.8729858398,\"1606435200000\":158.791809082,\"1606521600000\":159.1012420654,\"1606608000000\":159.0948638916,\"1606694400000\":158.3330230713,\"1606780800000\":156.6305084229,\"1606867200000\":155.1555175781,\"1606953600000\":154.2572479248,\"1607040000000\":154.2482452393,\"1607126400000\":154.6119232178,\"1607212800000\":155.2333831787,\"1607299200000\":155.5458831787,\"1607385600000\":155.5004119873,\"1607472000000\":154.5351715088,\"1607558400000\":152.5428009033,\"1607644800000\":150.3738861084,\"1607731200000\":147.8425598145,\"1607817600000\":145.7855529785,\"1607904000000\":145.012298584,\"1607990400000\":145.3090362549,\"1608076800000\":145.8874359131,\"1608163200000\":146.7550354004,\"1608249600000\":147.6140899658,\"1608336000000\":148.9383544922,\"1608422400000\":150.3578948975,\"1608508800000\":151.3795471191,\"1608595200000\":151.7811584473,\"1608681600000\":151.4851989746,\"1608768000000\":150.7131652832,\"1608854400000\":149.6176300049}}",
    "IDEA.NS": "{\"Open\":{\"1606348800000\":6.9938607216,\"1606435200000\":7.1152100563,\"1606521600000\":7.2952084541,\"1606608000000\":7.5497136116,\"1606694400000\":7.7756237984,\"1606780800000\":7.914835453,\"1606867200000\":8.0075759888,\"1606953600000\":8.069486618,\"1607040000000\":8.1238174438,\"1607126400000\":8.1992797852,\"1607212800000\":8.2760868073,\"1607299200000\":8.3267211914,\"1607385600000\":8.3549633026,\"1607472000000\":8.3489513397,\"1607558400000\":8.2909889221,\"1607644800000\":8.1775188446,\"1607731200000\":8.021024704,\"1607817600000\":7.887863636,\"1607904000000\":7.8240666389,\"1607990400000\":7.779282093,\"1608076800000\":7.730152607,\"1608163200000\":7.6613411903,\"1608249600000\":7.5789380074,\"1608336000000\":7.4868950844,\"1608422400000\":7.3843636513,\"1608508800000\":7.2860817909,\"1608595200000\":7.2104268074,\"1608681600000\":7.1476597786,\"1608768000000\":7.0823273659,\"1608854400000\":7.0152173042}}",
    "FRETAIL.NS": "{\"Open\":{\"1606348800000\":172.2080230713,\"1606435200000\":172.5484008789,\"1606521600000\":170.8193206787,\"1606608000000\":167.7350006104,\"1606694400000\":163.8943634033,\"1606780800000\":159.7694244385,\"1606867200000\":155.9869689941,\"1606953600000\":153.1891021729,\"1607040000000\":151.3387756348,\"1607126400000\":149.8930969238,\"1607212800000\":149.028793335,\"1607299200000\":148.3976898193,\"1607385600000\":147.9625396729,\"1607472000000\":147.5608825684,\"1607558400000\":146.9110107422,\"1607644800000\":146.1937713623,\"1607731200000\":145.0077667236,\"1607817600000\":143.6770782471,\"1607904000000\":142.6635437012,\"1607990400000\":142.16456604,\"1608076800000\":142.0084533691,\"1608163200000\":141.9089660645,\"1608249600000\":141.8697509766,\"1608336000000\":141.8399505615,\"1608422400000\":141.8509979248,\"1608508800000\":141.5992126465,\"1608595200000\":141.1638031006,\"1608681600000\":140.4172058105,\"1608768000000\":139.4137115479,\"1608854400000\":138.4687957764}}"
}