{
    "TATACOMM.NS": "{\"Open\":{\"1606348800000\":618.6961669922,\"1606435200000\":618.5843505859,\"1606521600000\":618.5280151367,\"1606608000000\":618.3519897461,\"1606694400000\":618.4099731445,\"1606780800000\":618.399597168,\"1606867200000\":618.2451171875,\"1606953600000\":618.1315307617,\"1607040000000\":618.0333862305,\"1607126400000\":618.0278930664,\"1607212800000\":617.8568115234,\"1607299200000\":618.0064697266,\"1607385600000\":617.673828125,\"1607472000000\":617.4393310547,\"1607558400000\":617.3073730469,\"1607644800000\":616.8950805664,\"1607731200000\":616.5053100586,\"1607817600000\":616.4265136719,\"1607904000000\":616.7689819336,\"1607990400000\":617.0524902344,\"1608076800000\":617.76953125,\"1608163200000\":618.233581543,\"1608249600000\":618.4393920898,\"1608336000000\":618.6154174805,\"1608422400000\":618.544128418,\"1608508800000\":618.7591552734,\"1608595200000\":618.732421875,\"1608681600000\":618.7188110352,\"1608768000000\":618.6724853516,\"1608854400000\":618.6148071289}}",
    "TVSMOTOR.NS": "{\"Open\":{\"1606348800000\":464.7800292969,\"1606435200000\":464.0580749512,\"1606521600000\":463.3303222656,\"1606608000000\":462.9148254395,\"1606694400000\":462.7550354004,\"1606780800000\":462.4919128418,\"1606867200000\":462.5747070312,\"1606953600000\":462.7040405273,\"1607040000000\":463.6818237305,\"1607126400000\":465.2896728516,\"1607212800000\":467.1051330566,\"1607299200000\":468.8296508789,\"1607385600000\":470.278717041,\"1607472000000\":471.074432373,\"1607558400000\":470.6593017578,\"1607644800000\":469.7244873047,\"1607731200000\":468.3088378906,\"1607817600000\":467.1699523926,\"1607904000000\":467.9340515137,\"1607990400000\":470.9365234375,\"1608076800000\":474.2768859863,\"1608163200000\":478.010925293,\"1608249600000\":481.4776916504,\"1608336000000\":483.7624206543,\"1608422400000\":485.2893371582,\"1608508800000\":486.8411865234,\"1608595200000\":487.8059692383,\"1608681600000\":488.1930236816,\"1608768000000\":487.6083984375,\"1608854400000\":486.3698120117}}",
    "AXISBANK.NS": "{\"Open\":{\"1606348800000\":488.5038452148,\"1606435200000\":490.279296875,\"1606521600000\":489.3659667969,\"1606608000000\":487.2135925293,\"1606694400000\":484.7369689941,\"1606780800000\":480.8923339844,\"1606867200000\":477.6161193848,\"1606953600000\":475.4904785156,\"1607040000000\":474.1924438477,\"1607126400000\":472.8424682617,\"1607212800000\":472.1392211914,\"1607299200000\":471.1926879883,\"1607385600000\":470.525970459,\"1607472000000\":469.5151672363,\"1607558400000\":467.3316955566,\"1607644800000\":465.113861084,\"1607731200000\":462.9441223145,\"1607817600000\":460.8605651855,\"1607904000000\":460.2598266602,\"1607990400000\":460.6744995117,\"1608076800000\":460.242401123,\"1608163200000\":460.594543457,\"1608249600000\":461.845123291,\"1608336000000\":463.0749206543,\"1608422400000\":464.3213195801,\"1608508800000\":465.8846435547,\"1608595200000\":467.5314331055,\"1608681600000\":470.224029541,\"1608768000000\":472.16796875,\"1608854400000\":473.5727844238}}",
    "ADANIGREEN.NS": "{\"Open\":{\"1606348800000\":380.2758483887,\"1606435200000\":388.1362915039,\"1606521600000\":394.4771728516,\"1606608000000\":398.648651123,\"1606694400000\":402.0058898926,\"1606780800000\":404.1360778809,\"1606867200000\":406.0754089355,\"1606953600000\":407.2813720703,\"1607040000000\":408.6150817871,\"1607126400000\":410.2077331543,\"1607212800000\":411.777923584,\"1607299200000\":412.9729003906,\"1607385600000\":413.6095275879,\"1607472000000\":413.4538269043,\"1607558400000\":412.3580932617,\"1607644800000\":410.3176879883,\"1607731200000\":407.1693725586,\"1607817600000\":405.1932983398,\"1607904000000\":403.7205810547,\"1607990400000\":403.2739868164,\"1608076800000\":403.5216674805,\"1608163200000\":404.2450866699,\"1608249600000\":405.5021362305,\"1608336000000\":406.5585632324,\"1608422400000\":406.9698486328,\"1608508800000\":406.6721496582,\"1608595200000\":405.9870910645,\"1608681600000\":404.8944396973,\"1608768000000\":403.5434875488,\"1608854400000\":402.8126831055}}",
    "DALBHARAT.NS": "{\"Open\":{\"1606348800000\":833.1604614258,\"1606435200000\":834.8427124023,\"1606521600000\":835.9699707031,\"1606608000000\":835.155090332,\"1606694400000\":831.7943725586,\"1606780800000\":825.8770141602,\"1606867200000\":821.2196655273,\"1606953600000\":818.5432739258,\"1607040000000\":819.3544921875,\"1607126400000\":824.4881591797,\"1607212800000\":830.7461547852,\"1607299200000\":837.0562133789,\"1607385600000\":842.1865844727,\"1607472000000\":845.2111206055,\"1607558400000\":846.1641235352,\"1607644800000\":845.9943237305,\"1607731200000\":844.0855102539,\"1607817600000\":842.2134399414,\"1607904000000\":842.3159179688,\"1607990400000\":844.0081787109,\"1608076800000\":845.7926635742,\"1608163200000\":847.4131469727,\"1608249600000\":847.8103027344,\"1608336000000\":847.2625732422,\"1608422400000\":847.870300293,\"1608508800000\":848.5070800781,\"1608595200000\":848.3562011719,\"1608681600000\":848.6588745117,\"1608768000000\":850.088684082,\"1608854400000\":851.2365112305}}",
    "DEEPAKNTR.NS": "{\"Open\":{\"1606348800000\":544.4775390625,\"1606435200000\":545.0373535156,\"1606521600000\":545.7283935547,\"1606608000000\":545.8598632812,\"1606694400000\":546.3831787109,\"1606780800000\":546.6096191406,\"1606867200000\":547.1744995117,\"1606953600000\":547.6451416016,\"1607040000000\":549.0321655273,\"1607126400000\":550.9197387695,\"1607212800000\":553.3991088867,\"1607299200000\":555.9448852539,\"1607385600000\":558.1773681641,\"1607472000000\":559.6705932617,\"1607558400000\":561.088684082,\"1607644800000\":561.5261230469,\"1607731200000\":562.7181396484,\"1607817600000\":562.9317016602,\"1607904000000\":563.365234375,\"1607990400000\":563.646484375,\"1608076800000\":564.3454589844,\"1608163200000\":564.723449707,\"1608249600000\":564.9982299805,\"1608336000000\":565.1331787109,\"1608422400000\":565.1139526367,\"1608508800000\":564.4903564453,\"1608595200000\":563.9689941406,\"1608681600000\":562.6927490234,\"1608768000000\":561.5361938477,\"1608854400000\":560.3650512695}}",
    "CHOLAFIN.NS": "{\"Open\":{\"1606348800000\":246.2292785645,\"1606435200000\":246.4724121094,\"1606521600000\":246.2024688721,\"1606608000000\":245.1889190674,\"1606694400000\":243.6833343506,\"1606780800000\":241.9256591797,\"1606867200000\":240.5304260254,\"1606953600000\":239.8522949219,\"1607040000000\":240.2220458984,\"1607126400000\":241.262588501,\"1607212800000\":242.7222900391,\"1607299200000\":244.4241790771,\"1607385600000\":245.963684082,\"1607472000000\":246.4534912109,\"1607558400000\":245.6370544434,\"1607644800000\":244.5899963379,\"1607731200000\":243.530670166,\"1607817600000\":243.1881866455,\"1607904000000\":244.3618621826,\"1607990400000\":246.9637908936,\"1608076800000\":249.9769897461,\"1608163200000\":252.9753112793,\"1608249600000\":255.5392150879,\"1608336000000\":257.4719238281,\"1608422400000\":258.5448608398,\"1608508800000\":258.5364379883,\"1608595200000\":258.0668029785,\"1608681600000\":257.2312011719,\"1608768000000\":255.7565917969,\"1608854400000\":254.381729126}}"
}