{
    "tcs": "{\"Open\":{\"1606348800000\":2086.3659667969,\"1606435200000\":2085.744140625,\"1606521600000\":2086.0534667969,\"1606608000000\":2085.9506835938,\"1606694400000\":2085.7854003906,\"1606780800000\":2086.9291992188,\"1606867200000\":2087.6469726562,\"1606953600000\":2087.9504394531,\"1607040000000\":2086.73828125,\"1607126400000\":2086.5478515625,\"1607212800000\":2087.5881347656,\"1607299200000\":2089.3376464844,\"1607385600000\":2090.7316894531,\"1607472000000\":2091.9973144531,\"1607558400000\":2092.1784667969,\"1607644800000\":2093.9653320312,\"1607731200000\":2097.4890136719,\"1607817600000\":2098.3725585938,\"1607904000000\":2098.5852050781,\"1607990400000\":2097.8393554688,\"1608076800000\":2097.4946289062,\"1608163200000\":2096.6638183594,\"1608249600000\":2092.2055664062,\"1608336000000\":2090.3896484375,\"1608422400000\":2088.9350585938,\"1608508800000\":2085.8564453125,\"1608595200000\":2085.9768066406,\"1608681600000\":2085.2917480469,\"1608768000000\":2085.1457519531,\"1608854400000\":2085.265625}}",
    "tatacomm": "{\"Open\":{\"1606348800000\":634.8815917969,\"1606435200000\":634.5155639648,\"1606521600000\":634.0996704102,\"1606608000000\":634.1853027344,\"1606694400000\":634.3926391602,\"1606780800000\":634.7512817383,\"1606867200000\":634.8003540039,\"1606953600000\":634.9225463867,\"1607040000000\":634.5063476562,\"1607126400000\":634.201171875,\"1607212800000\":634.3694458008,\"1607299200000\":634.6334838867,\"1607385600000\":634.7821655273,\"1607472000000\":634.6887207031,\"1607558400000\":634.132019043,\"1607644800000\":633.2388305664,\"1607731200000\":632.727355957,\"1607817600000\":631.994140625,\"1607904000000\":631.8276977539,\"1607990400000\":632.532043457,\"1608076800000\":633.5161132812,\"1608163200000\":634.4589233398,\"1608249600000\":634.8701171875,\"1608336000000\":635.2731323242,\"1608422400000\":635.3986816406,\"1608508800000\":635.1606445312,\"1608595200000\":635.4035644531,\"1608681600000\":635.4765014648,\"1608768000000\":635.5344238281,\"1608854400000\":635.5159912109}}",
    "tvsmotor": "{\"Open\":{\"1606348800000\":439.6964111328,\"1606435200000\":437.7671813965,\"1606521600000\":435.478729248,\"1606608000000\":434.2542114258,\"1606694400000\":433.3132019043,\"1606780800000\":432.2944641113,\"1606867200000\":432.2030944824,\"1606953600000\":432.1814880371,\"1607040000000\":433.5927734375,\"1607126400000\":435.286895752,\"1607212800000\":437.3515930176,\"1607299200000\":438.9198303223,\"1607385600000\":440.1418151855,\"1607472000000\":440.0368041992,\"1607558400000\":438.0203552246,\"1607644800000\":436.0016479492,\"1607731200000\":433.1600341797,\"1607817600000\":431.4943237305,\"1607904000000\":432.6667175293,\"1607990400000\":435.8814086914,\"1608076800000\":438.6159973145,\"1608163200000\":442.239074707,\"1608249600000\":445.1943969727,\"1608336000000\":446.9889831543,\"1608422400000\":447.8500061035,\"1608508800000\":448.7178649902,\"1608595200000\":448.3189697266,\"1608681600000\":447.0952758789,\"1608768000000\":444.5704040527,\"1608854400000\":441.4305419922}}",
    "axisbank": "{\"Open\":{\"1606348800000\":518.0121459961,\"1606435200000\":518.2035522461,\"1606521600000\":517.3452758789,\"1606608000000\":516.1300048828,\"1606694400000\":514.9217529297,\"1606780800000\":513.1719970703,\"1606867200000\":511.8138427734,\"1606953600000\":511.2342834473,\"1607040000000\":511.0476074219,\"1607126400000\":510.776184082,\"1607212800000\":510.6197509766,\"1607299200000\":510.2391662598,\"1607385600000\":509.8348693848,\"1607472000000\":508.985534668,\"1607558400000\":507.376373291,\"1607644800000\":505.7560424805,\"1607731200000\":504.2245788574,\"1607817600000\":502.9737548828,\"1607904000000\":502.8648681641,\"1607990400000\":503.4598693848,\"1608076800000\":503.5926208496,\"1608163200000\":503.9236755371,\"1608249600000\":504.7055969238,\"1608336000000\":505.5765686035,\"1608422400000\":506.3388977051,\"1608508800000\":507.1269226074,\"1608595200000\":507.9828186035,\"1608681600000\":509.3617858887,\"1608768000000\":510.4109802246,\"1608854400000\":511.026184082}}",
    "tatamotors": "{\"Open\":{\"1606348800000\":172.1960449219,\"1606435200000\":173.41456604,\"1606521600000\":174.215057373,\"1606608000000\":174.7443695068,\"1606694400000\":174.6966705322,\"1606780800000\":173.9149017334,\"1606867200000\":173.0672149658,\"1606953600000\":172.3865661621,\"1607040000000\":172.1821136475,\"1607126400000\":172.2480621338,\"1607212800000\":172.632019043,\"1607299200000\":172.9465789795,\"1607385600000\":173.1421203613,\"1607472000000\":172.7922363281,\"1607558400000\":171.720123291,\"1607644800000\":170.357711792,\"1607731200000\":168.5808258057,\"1607817600000\":166.9540863037,\"1607904000000\":165.9806213379,\"1607990400000\":165.6471252441,\"1608076800000\":165.6488342285,\"1608163200000\":166.0042572021,\"1608249600000\":166.5254669189,\"1608336000000\":167.454788208,\"1608422400000\":168.4922943115,\"1608508800000\":169.4141693115,\"1608595200000\":170.0123748779,\"1608681600000\":170.1481323242,\"1608768000000\":169.8694763184,\"1608854400000\":169.2341766357}}",
    "idea": "{\"Open\":{\"1606348800000\":7.6683106422,\"1606435200000\":7.871948719,\"1606521600000\":8.1488075256,\"1606608000000\":8.4904880524,\"1606694400000\":8.7012138367,\"1606780800000\":8.7180175781,\"1606867200000\":8.6731147766,\"1606953600000\":8.6006736755,\"1607040000000\":8.5642528534,\"1607126400000\":8.6071434021,\"1607212800000\":8.6652793884,\"1607299200000\":8.6867389679,\"1607385600000\":8.6833229065,\"1607472000000\":8.6197395325,\"1607558400000\":8.4820728302,\"1607644800000\":8.2766189575,\"1607731200000\":8.0397396088,\"1607817600000\":7.9104886055,\"1607904000000\":7.9261841774,\"1607990400000\":7.9470219612,\"1608076800000\":7.9414887428,\"1608163200000\":7.8813157082,\"1608249600000\":7.7903218269,\"1608336000000\":7.6813378334,\"1608422400000\":7.5610890388,\"1608508800000\":7.4710278511,\"1608595200000\":7.4310879707,\"1608681600000\":7.4047913551,\"1608768000000\":7.3648991585,\"1608854400000\":7.3154530525}}"
}