{
    "tatacomm": "{\"Open\":{\"1606348800000\":612.4324951172,\"1606435200000\":611.4807739258,\"1606521600000\":610.9114379883,\"1606608000000\":610.4645996094,\"1606694400000\":610.2136230469,\"1606780800000\":609.9082641602,\"1606867200000\":609.3014526367,\"1606953600000\":608.7529296875,\"1607040000000\":608.1201171875,\"1607126400000\":607.7710571289,\"1607212800000\":607.8541870117,\"1607299200000\":607.8483886719,\"1607385600000\":607.7340698242,\"1607472000000\":607.3139648438,\"1607558400000\":606.2597045898,\"1607644800000\":604.6693725586,\"1607731200000\":602.9820556641,\"1607817600000\":601.3409423828,\"1607904000000\":600.3494262695,\"1607990400000\":600.3117675781,\"1608076800000\":600.7513427734,\"1608163200000\":601.1898803711,\"1608249600000\":601.6221923828,\"1608336000000\":602.0416259766,\"1608422400000\":602.485168457,\"1608508800000\":602.772644043,\"1608595200000\":603.1881103516,\"1608681600000\":603.5610351562,\"1608768000000\":603.8408203125,\"1608854400000\":604.1049194336}}",
    "tvsmotor": "{\"Open\":{\"1606348800000\":433.2725524902,\"1606435200000\":430.6463317871,\"1606521600000\":428.2685546875,\"1606608000000\":426.9098510742,\"1606694400000\":426.0874633789,\"1606780800000\":424.9406738281,\"1606867200000\":424.493560791,\"1606953600000\":424.1657714844,\"1607040000000\":425.452331543,\"1607126400000\":427.5899047852,\"1607212800000\":430.1058654785,\"1607299200000\":431.8685302734,\"1607385600000\":432.8037414551,\"1607472000000\":432.1183166504,\"1607558400000\":429.2934265137,\"1607644800000\":426.3030700684,\"1607731200000\":423.0342102051,\"1607817600000\":421.1821594238,\"1607904000000\":423.1831359863,\"1607990400000\":428.861541748,\"1608076800000\":434.2899169922,\"1608163200000\":439.5026550293,\"1608249600000\":442.9866943359,\"1608336000000\":443.9878234863,\"1608422400000\":443.5219421387,\"1608508800000\":443.4931945801,\"1608595200000\":442.9985961914,\"1608681600000\":442.2262878418,\"1608768000000\":440.4402160645,\"1608854400000\":437.9107971191}}",
    "axisbank": "{\"Open\":{\"1606348800000\":525.9336547852,\"1606435200000\":525.3536376953,\"1606521600000\":523.2059936523,\"1606608000000\":520.8274536133,\"1606694400000\":518.7194213867,\"1606780800000\":516.2427978516,\"1606867200000\":514.6123657227,\"1606953600000\":513.8615722656,\"1607040000000\":513.7063598633,\"1607126400000\":513.5598144531,\"1607212800000\":513.6845703125,\"1607299200000\":513.4370117188,\"1607385600000\":513.3092041016,\"1607472000000\":512.6647949219,\"1607558400000\":511.1362915039,\"1607644800000\":509.6854858398,\"1607731200000\":508.0677490234,\"1607817600000\":506.8241577148,\"1607904000000\":506.9120788574,\"1607990400000\":507.6779785156,\"1608076800000\":507.7813110352,\"1608163200000\":508.4602661133,\"1608249600000\":509.6070861816,\"1608336000000\":510.7854309082,\"1608422400000\":511.7372131348,\"1608508800000\":512.7373046875,\"1608595200000\":513.828918457,\"1608681600000\":515.5455322266,\"1608768000000\":516.478515625,\"1608854400000\":516.9865722656}}",
    "tatamotors": "{\"Open\":{\"1606348800000\":158.3414001465,\"1606435200000\":158.8274688721,\"1606521600000\":158.8838195801,\"1606608000000\":158.7836303711,\"1606694400000\":158.1680297852,\"1606780800000\":156.9833831787,\"1606867200000\":156.1065063477,\"1606953600000\":155.6927032471,\"1607040000000\":155.9122619629,\"1607126400000\":156.3343048096,\"1607212800000\":156.9403991699,\"1607299200000\":157.2377929688,\"1607385600000\":157.278503418,\"1607472000000\":156.5816192627,\"1607558400000\":155.1784667969,\"1607644800000\":153.7639770508,\"1607731200000\":152.1443939209,\"1607817600000\":151.0381622314,\"1607904000000\":150.9171447754,\"1607990400000\":151.446472168,\"1608076800000\":152.0882568359,\"1608163200000\":152.8751068115,\"1608249600000\":153.5419921875,\"1608336000000\":154.4936676025,\"1608422400000\":155.3558807373,\"1608508800000\":155.886932373,\"1608595200000\":155.9934387207,\"1608681600000\":155.611541748,\"1608768000000\":154.9697265625,\"1608854400000\":154.1495056152}}",
    "tcs": "{\"Open\":{\"1606348800000\":2058.796875,\"1606435200000\":2058.2619628906,\"1606521600000\":2058.1052246094,\"1606608000000\":2057.7844238281,\"1606694400000\":2056.8784179688,\"1606780800000\":2056.7282714844,\"1606867200000\":2056.5,\"1606953600000\":2056.0166015625,\"1607040000000\":2054.423828125,\"1607126400000\":2052.3803710938,\"1607212800000\":2051.4572753906,\"1607299200000\":2050.80859375,\"1607385600000\":2050.1840820312,\"1607472000000\":2049.4846191406,\"1607558400000\":2048.4270019531,\"1607644800000\":2047.9342041016,\"1607731200000\":2049.0654296875,\"1607817600000\":2049.8288574219,\"1607904000000\":2049.3237304688,\"1607990400000\":2048.8002929688,\"1608076800000\":2048.1586914062,\"1608163200000\":2047.5985107422,\"1608249600000\":2045.3253173828,\"1608336000000\":2042.8654785156,\"1608422400000\":2041.1623535156,\"1608508800000\":2038.5922851562,\"1608595200000\":2036.5162353516,\"1608681600000\":2034.7487792969,\"1608768000000\":2032.8033447266,\"1608854400000\":2031.2916259766}}",
    "idea": "{\"Open\":{\"1606348800000\":7.7970337868,\"1606435200000\":7.8860192299,\"1606521600000\":7.9955220222,\"1606608000000\":8.1467094421,\"1606694400000\":8.2671279907,\"1606780800000\":8.3324661255,\"1606867200000\":8.3726634979,\"1606953600000\":8.3893165588,\"1607040000000\":8.4083309174,\"1607126400000\":8.4432048798,\"1607212800000\":8.4767875671,\"1607299200000\":8.4973373413,\"1607385600000\":8.5107479095,\"1607472000000\":8.5039024353,\"1607558400000\":8.4679985046,\"1607644800000\":8.3994503021,\"1607731200000\":8.3071708679,\"1607817600000\":8.2397098541,\"1607904000000\":8.2093009949,\"1607990400000\":8.1826877594,\"1608076800000\":8.1581726074,\"1608163200000\":8.1194248199,\"1608249600000\":8.0735187531,\"1608336000000\":8.0204658508,\"1608422400000\":7.9603734016,\"1608508800000\":7.9081177711,\"1608595200000\":7.8682732582,\"1608681600000\":7.8334832191,\"1608768000000\":7.7969384193,\"1608854400000\":7.7605404854}}"
}