{
    "TATACOMM.NS": "{\"Open\":{\"1606348800000\":600.7476806641,\"1606435200000\":600.1246337891,\"1606521600000\":599.9551391602,\"1606608000000\":599.9340209961,\"1606694400000\":600.1668701172,\"1606780800000\":600.2704467773,\"1606867200000\":599.8869018555,\"1606953600000\":599.5216064453,\"1607040000000\":598.9858398438,\"1607126400000\":598.8071289062,\"1607212800000\":599.2587280273,\"1607299200000\":599.6473999023,\"1607385600000\":599.798828125,\"1607472000000\":599.3680419922,\"1607558400000\":597.9012451172,\"1607644800000\":595.7030639648,\"1607731200000\":593.6695556641,\"1607817600000\":592.0961303711,\"1607904000000\":591.7300415039,\"1607990400000\":592.7054443359,\"1608076800000\":594.3303222656,\"1608163200000\":595.6605224609,\"1608249600000\":596.4013671875,\"1608336000000\":597.0137329102,\"1608422400000\":597.5197753906,\"1608508800000\":597.7821044922,\"1608595200000\":598.1409301758,\"1608681600000\":598.4320678711,\"1608768000000\":598.6557617188,\"1608854400000\":598.9139404297}}",
    "TVSMOTOR.NS": "{\"Open\":{\"1606348800000\":458.5037231445,\"1606435200000\":458.4293212891,\"1606521600000\":458.0162658691,\"1606608000000\":457.9012451172,\"1606694400000\":457.7418823242,\"1606780800000\":457.5120849609,\"1606867200000\":457.5662231445,\"1606953600000\":457.5605773926,\"1607040000000\":457.9332885742,\"1607126400000\":458.349395752,\"1607212800000\":459.1025085449,\"1607299200000\":460.0950317383,\"1607385600000\":461.3875732422,\"1607472000000\":462.6418457031,\"1607558400000\":463.5563964844,\"1607644800000\":464.3604125977,\"1607731200000\":464.7264709473,\"1607817600000\":465.298614502,\"1607904000000\":466.678314209,\"1607990400000\":469.1217346191,\"1608076800000\":472.1849365234,\"1608163200000\":476.1714477539,\"1608249600000\":480.5025939941,\"1608336000000\":484.6481018066,\"1608422400000\":488.2385559082,\"1608508800000\":491.4582214355,\"1608595200000\":493.6323852539,\"1608681600000\":494.6688842773,\"1608768000000\":494.3182678223,\"1608854400000\":492.9142150879}}",
    "AXISBANK.NS": "{\"Open\":{\"1606348800000\":524.0035400391,\"1606435200000\":523.548034668,\"1606521600000\":521.9566650391,\"1606608000000\":519.8995361328,\"1606694400000\":518.1929321289,\"1606780800000\":516.6751708984,\"1606867200000\":515.3128662109,\"1606953600000\":514.7162475586,\"1607040000000\":514.7829589844,\"1607126400000\":514.8889770508,\"1607212800000\":514.9634399414,\"1607299200000\":514.8513183594,\"1607385600000\":514.5119018555,\"1607472000000\":514.0053100586,\"1607558400000\":513.0189819336,\"1607644800000\":511.610534668,\"1607731200000\":510.3776855469,\"1607817600000\":509.1435546875,\"1607904000000\":508.2945556641,\"1607990400000\":508.5657653809,\"1608076800000\":509.0723571777,\"1608163200000\":509.2907714844,\"1608249600000\":509.8565979004,\"1608336000000\":510.6973266602,\"1608422400000\":511.4447631836,\"1608508800000\":512.1339111328,\"1608595200000\":512.7819824219,\"1608681600000\":513.8973999023,\"1608768000000\":515.0350952148,\"1608854400000\":515.5928344727}}",
    "ADANIGREEN.NS": "{\"Open\":{\"1606348800000\":303.1671142578,\"1606435200000\":307.5492248535,\"1606521600000\":310.3010864258,\"1606608000000\":310.6933898926,\"1606694400000\":309.9936523438,\"1606780800000\":309.0764160156,\"1606867200000\":308.494140625,\"1606953600000\":308.8354492188,\"1607040000000\":310.7267150879,\"1607126400000\":314.1680908203,\"1607212800000\":317.9706420898,\"1607299200000\":320.8063354492,\"1607385600000\":322.8153686523,\"1607472000000\":323.683807373,\"1607558400000\":322.9259643555,\"1607644800000\":320.5821228027,\"1607731200000\":317.4884643555,\"1607817600000\":316.4360046387,\"1607904000000\":318.6048583984,\"1607990400000\":323.3725280762,\"1608076800000\":329.0574951172,\"1608163200000\":334.1845092773,\"1608249600000\":338.5039672852,\"1608336000000\":341.709197998,\"1608422400000\":343.0486755371,\"1608508800000\":342.9586181641,\"1608595200000\":341.9409790039,\"1608681600000\":340.5650939941,\"1608768000000\":339.6914672852,\"1608854400000\":339.8140869141}}",
    "TATAMOTORS.NS": "{\"Open\":{\"1606348800000\":167.1310119629,\"1606435200000\":167.8589630127,\"1606521600000\":168.2361755371,\"1606608000000\":168.3527526855,\"1606694400000\":167.9253540039,\"1606780800000\":166.8881530762,\"1606867200000\":165.8430023193,\"1606953600000\":165.1162719727,\"1607040000000\":164.9292907715,\"1607126400000\":165.0709686279,\"1607212800000\":165.453338623,\"1607299200000\":165.7220306396,\"1607385600000\":165.8041687012,\"1607472000000\":165.2759552002,\"1607558400000\":164.1077728271,\"1607644800000\":162.7092590332,\"1607731200000\":161.0913391113,\"1607817600000\":159.6920471191,\"1607904000000\":158.9823913574,\"1607990400000\":158.9592895508,\"1608076800000\":159.2685852051,\"1608163200000\":159.8116149902,\"1608249600000\":160.421081543,\"1608336000000\":161.3186035156,\"1608422400000\":162.3331298828,\"1608508800000\":163.1741790771,\"1608595200000\":163.634185791,\"1608681600000\":163.606918335,\"1608768000000\":163.2221374512,\"1608854400000\":162.5484008789}}",
    "TCS.NS": "{\"Open\":{\"1606348800000\":2106.7253417969,\"1606435200000\":2105.5524902344,\"1606521600000\":2105.1120605469,\"1606608000000\":2104.2407226562,\"1606694400000\":2102.8186035156,\"1606780800000\":2102.8627929688,\"1606867200000\":2102.9409179688,\"1606953600000\":2102.4887695312,\"1607040000000\":2099.6984863281,\"1607126400000\":2096.9626464844,\"1607212800000\":2096.083984375,\"1607299200000\":2096.5026855469,\"1607385600000\":2097.0422363281,\"1607472000000\":2097.30859375,\"1607558400000\":2096.453125,\"1607644800000\":2097.3706054688,\"1607731200000\":2101.1774902344,\"1607817600000\":2102.4482421875,\"1607904000000\":2102.4416503906,\"1607990400000\":2101.1362304688,\"1608076800000\":2099.8740234375,\"1608163200000\":2098.3229980469,\"1608249600000\":2092.4235839844,\"1608336000000\":2088.0505371094,\"1608422400000\":2084.5854492188,\"1608508800000\":2079.1262207031,\"1608595200000\":2076.6733398438,\"1608681600000\":2074.3928222656,\"1608768000000\":2072.5881347656,\"1608854400000\":2071.59375}}",
    "IDEA.NS": "{\"Open\":{\"1606348800000\":6.4084858894,\"1606435200000\":6.5116467476,\"1606521600000\":6.6686806679,\"1606608000000\":6.8603539467,\"1606694400000\":6.9720330238,\"1606780800000\":6.9651360512,\"1606867200000\":6.9425034523,\"1606953600000\":6.923807621,\"1607040000000\":6.9297966957,\"1607126400000\":6.9826378822,\"1607212800000\":7.0356564522,\"1607299200000\":7.0572209358,\"1607385600000\":7.0635838509,\"1607472000000\":7.0446209908,\"1607558400000\":6.9776425362,\"1607644800000\":6.8786988258,\"1607731200000\":6.7549099922,\"1607817600000\":6.6906056404,\"1607904000000\":6.7172684669,\"1607990400000\":6.7327408791,\"1608076800000\":6.7213253975,\"1608163200000\":6.6751255989,\"1608249600000\":6.6168522835,\"1608336000000\":6.5534405708,\"1608422400000\":6.4854073524,\"1608508800000\":6.4322896004,\"1608595200000\":6.4108204842,\"1608681600000\":6.3936982155,\"1608768000000\":6.3621468544,\"1608854400000\":6.3256382942}}"
}