{
    "tatacomm": "{\"Open\":{\"1606348800000\":611.7408447266,\"1606435200000\":611.3071899414,\"1606521600000\":611.3557739258,\"1606608000000\":610.9227294922,\"1606694400000\":610.8520507812,\"1606780800000\":610.7402954102,\"1606867200000\":610.2958984375,\"1606953600000\":609.9572753906,\"1607040000000\":609.7230224609,\"1607126400000\":609.5903320312,\"1607212800000\":609.4645385742,\"1607299200000\":609.4483642578,\"1607385600000\":609.176574707,\"1607472000000\":608.872253418,\"1607558400000\":608.6787109375,\"1607644800000\":608.274597168,\"1607731200000\":608.1675415039,\"1607817600000\":608.5064086914,\"1607904000000\":609.2465820312,\"1607990400000\":610.1549072266,\"1608076800000\":611.3947143555,\"1608163200000\":612.3228759766,\"1608249600000\":612.8917236328,\"1608336000000\":613.1543579102,\"1608422400000\":613.3403320312,\"1608508800000\":613.4357910156,\"1608595200000\":613.3011474609,\"1608681600000\":613.2078857422,\"1608768000000\":612.9728393555,\"1608854400000\":612.8018798828}}"
}{
    "tvsmotor": "{\"Open\":{\"1606348800000\":452.9819030762,\"1606435200000\":451.7911071777,\"1606521600000\":450.7659606934,\"1606608000000\":450.0715942383,\"1606694400000\":449.7200317383,\"1606780800000\":449.3714904785,\"1606867200000\":449.2736816406,\"1606953600000\":449.3344116211,\"1607040000000\":450.0904846191,\"1607126400000\":451.3840637207,\"1607212800000\":453.1019897461,\"1607299200000\":454.6528015137,\"1607385600000\":455.8269348145,\"1607472000000\":456.0863037109,\"1607558400000\":454.9064025879,\"1607644800000\":453.1748046875,\"1607731200000\":450.9936828613,\"1607817600000\":449.3868103027,\"1607904000000\":450.0104370117,\"1607990400000\":453.2249145508,\"1608076800000\":457.0639953613,\"1608163200000\":461.5617370605,\"1608249600000\":465.2531738281,\"1608336000000\":467.489654541,\"1608422400000\":468.6539611816,\"1608508800000\":469.6914978027,\"1608595200000\":469.9426269531,\"1608681600000\":469.4287719727,\"1608768000000\":467.4369812012,\"1608854400000\":464.3224182129}}"
}{
    "axisbank": "{\"Open\":{\"1606348800000\":525.8298339844,\"1606435200000\":526.225402832,\"1606521600000\":525.524230957,\"1606608000000\":524.3262939453,\"1606694400000\":522.9137573242,\"1606780800000\":521.1056518555,\"1606867200000\":519.4180908203,\"1606953600000\":518.2077026367,\"1607040000000\":517.3270874023,\"1607126400000\":516.7110595703,\"1607212800000\":516.2320556641,\"1607299200000\":515.6923828125,\"1607385600000\":515.1810302734,\"1607472000000\":514.4739379883,\"1607558400000\":513.3323364258,\"1607644800000\":511.998046875,\"1607731200000\":510.5715026855,\"1607817600000\":509.2333374023,\"1607904000000\":508.5867919922,\"1607990400000\":508.6563415527,\"1608076800000\":508.7452392578,\"1608163200000\":508.956817627,\"1608249600000\":509.6214599609,\"1608336000000\":510.5538024902,\"1608422400000\":511.4952392578,\"1608508800000\":512.4252319336,\"1608595200000\":513.5852661133,\"1608681600000\":515.0825805664,\"1608768000000\":516.3772583008,\"1608854400000\":517.4213867188}}"
}{
    "tatamotors": "{\"Open\":{\"1606348800000\":164.2624664307,\"1606435200000\":166.0292663574,\"1606521600000\":167.1473999023,\"1606608000000\":167.8751373291,\"1606694400000\":167.5988464355,\"1606780800000\":166.2894439697,\"1606867200000\":165.0295562744,\"1606953600000\":164.2279052734,\"1607040000000\":164.23828125,\"1607126400000\":164.6372833252,\"1607212800000\":165.321685791,\"1607299200000\":165.6742401123,\"1607385600000\":165.6860961914,\"1607472000000\":164.5169067383,\"1607558400000\":162.2962188721,\"1607644800000\":159.7848052979,\"1607731200000\":156.7716827393,\"1607817600000\":154.2257995605,\"1607904000000\":152.9011688232,\"1607990400000\":152.5508422852,\"1608076800000\":152.6104736328,\"1608163200000\":153.0097503662,\"1608249600000\":153.4930267334,\"1608336000000\":154.6722717285,\"1608422400000\":156.0622711182,\"1608508800000\":157.2104034424,\"1608595200000\":157.8012695312,\"1608681600000\":157.6723480225,\"1608768000000\":157.058013916,\"1608854400000\":155.9895019531}}"
}{
    "tcs": "{\"Open\":{\"1606348800000\":2085.8547363281,\"1606435200000\":2085.6010742188,\"1606521600000\":2085.7941894531,\"1606608000000\":2085.8684082031,\"1606694400000\":2086.0549316406,\"1606780800000\":2086.9819335938,\"1606867200000\":2087.6687011719,\"1606953600000\":2088.0634765625,\"1607040000000\":2087.6650390625,\"1607126400000\":2088.2780761719,\"1607212800000\":2089.6311035156,\"1607299200000\":2090.9016113281,\"1607385600000\":2091.7475585938,\"1607472000000\":2092.767578125,\"1607558400000\":2093.0283203125,\"1607644800000\":2093.7199707031,\"1607731200000\":2094.7365722656,\"1607817600000\":2095.2912597656,\"1607904000000\":2095.5275878906,\"1607990400000\":2095.685546875,\"1608076800000\":2096.2280273438,\"1608163200000\":2096.435546875,\"1608249600000\":2094.5163574219,\"1608336000000\":2093.7727050781,\"1608422400000\":2093.4660644531,\"1608508800000\":2092.4128417969,\"1608595200000\":2092.7358398438,\"1608681600000\":2092.8173828125,\"1608768000000\":2093.095703125,\"1608854400000\":2093.3884277344}}"
}{
    "idea": "{\"Open\":{\"1606348800000\":8.0920276642,\"1606435200000\":8.2525424957,\"1606521600000\":8.504617691,\"1606608000000\":8.834777832,\"1606694400000\":9.1054611206,\"1606780800000\":9.241897583,\"1606867200000\":9.3096847534,\"1606953600000\":9.3380775452,\"1607040000000\":9.3652820587,\"1607126400000\":9.4340515137,\"1607212800000\":9.5107841492,\"1607299200000\":9.5564193726,\"1607385600000\":9.5743942261,\"1607472000000\":9.540594101,\"1607558400000\":9.4396324158,\"1607644800000\":9.2652854919,\"1607731200000\":9.0430030823,\"1607817600000\":8.868396759,\"1607904000000\":8.8115100861,\"1607990400000\":8.7859363556,\"1608076800000\":8.7523841858,\"1608163200000\":8.6880264282,\"1608249600000\":8.5983867645,\"1608336000000\":8.4919338226,\"1608422400000\":8.3702716827,\"1608508800000\":8.2585105896,\"1608595200000\":8.1838245392,\"1608681600000\":8.1259593964,\"1608768000000\":8.0634593964,\"1608854400000\":7.9921422005}}"
}