{
    "tatacomm": "{\"Open\":{\"1606348800000\":602.9241943359,\"1606435200000\":602.6011962891,\"1606521600000\":602.4381103516,\"1606608000000\":601.9279174805,\"1606694400000\":601.8690185547,\"1606780800000\":602.1676635742,\"1606867200000\":602.0854492188,\"1606953600000\":602.2415161133,\"1607040000000\":602.0862426758,\"1607126400000\":601.7194213867,\"1607212800000\":601.5367431641,\"1607299200000\":601.7514648438,\"1607385600000\":601.8869018555,\"1607472000000\":602.2885131836,\"1607558400000\":603.1239624023,\"1607644800000\":603.3229980469,\"1607731200000\":603.7641601562,\"1607817600000\":603.8748168945,\"1607904000000\":603.4182128906,\"1607990400000\":602.8093261719,\"1608076800000\":602.9580078125,\"1608163200000\":603.1741943359,\"1608249600000\":603.1290893555,\"1608336000000\":603.0810546875,\"1608422400000\":603.1854858398,\"1608508800000\":603.1275634766,\"1608595200000\":603.0098266602,\"1608681600000\":602.9912109375,\"1608768000000\":602.9295043945,\"1608854400000\":602.8850097656}}"
}{
    "tvsmotor": "{\"Open\":{\"1606348800000\":433.7576904297,\"1606435200000\":430.6522216797,\"1606521600000\":428.3053894043,\"1606608000000\":427.2809448242,\"1606694400000\":426.9362487793,\"1606780800000\":426.6991271973,\"1606867200000\":427.0432739258,\"1606953600000\":427.5383300781,\"1607040000000\":429.3024902344,\"1607126400000\":431.5864868164,\"1607212800000\":434.3213195801,\"1607299200000\":436.3128356934,\"1607385600000\":437.3805541992,\"1607472000000\":436.7348022461,\"1607558400000\":433.8938598633,\"1607644800000\":430.6203918457,\"1607731200000\":426.9818725586,\"1607817600000\":424.8336181641,\"1607904000000\":426.2635498047,\"1607990400000\":430.9970092773,\"1608076800000\":436.2969970703,\"1608163200000\":441.8835754395,\"1608249600000\":445.7729797363,\"1608336000000\":447.0546569824,\"1608422400000\":446.4526062012,\"1608508800000\":445.4837036133,\"1608595200000\":443.8454284668,\"1608681600000\":442.0038757324,\"1608768000000\":439.4529418945,\"1608854400000\":436.4749755859}}"
}{
    "axisbank": "{\"Open\":{\"1606348800000\":513.6790161133,\"1606435200000\":513.8952026367,\"1606521600000\":513.2105712891,\"1606608000000\":511.9930419922,\"1606694400000\":510.791595459,\"1606780800000\":509.2032165527,\"1606867200000\":507.7883911133,\"1606953600000\":506.8434143066,\"1607040000000\":506.4019165039,\"1607126400000\":506.0195007324,\"1607212800000\":505.7544250488,\"1607299200000\":505.406463623,\"1607385600000\":505.1581420898,\"1607472000000\":504.8558654785,\"1607558400000\":504.0199279785,\"1607644800000\":503.0263366699,\"1607731200000\":502.0411376953,\"1607817600000\":501.1914672852,\"1607904000000\":501.0307922363,\"1607990400000\":501.3367614746,\"1608076800000\":501.3348083496,\"1608163200000\":501.6102905273,\"1608249600000\":502.2140808105,\"1608336000000\":502.7858886719,\"1608422400000\":503.3654785156,\"1608508800000\":504.0065612793,\"1608595200000\":504.7471008301,\"1608681600000\":505.828704834,\"1608768000000\":506.6239624023,\"1608854400000\":507.1923522949}}"
}{
    "adanigreen": "{\"Open\":{\"1606348800000\":382.4400939941,\"1606435200000\":388.1493835449,\"1606521600000\":392.6564331055,\"1606608000000\":394.2498474121,\"1606694400000\":394.420715332,\"1606780800000\":393.197052002,\"1606867200000\":392.4579467773,\"1606953600000\":391.7640380859,\"1607040000000\":391.9729003906,\"1607126400000\":393.1530151367,\"1607212800000\":394.8616638184,\"1607299200000\":396.5274963379,\"1607385600000\":397.402923584,\"1607472000000\":397.7467956543,\"1607558400000\":396.9491882324,\"1607644800000\":394.8868713379,\"1607731200000\":391.231628418,\"1607817600000\":388.7252502441,\"1607904000000\":388.6322631836,\"1607990400000\":390.7579956055,\"1608076800000\":394.0084838867,\"1608163200000\":397.8614501953,\"1608249600000\":401.829864502,\"1608336000000\":404.8280639648,\"1608422400000\":406.348449707,\"1608508800000\":406.0122375488,\"1608595200000\":404.9930725098,\"1608681600000\":403.2614135742,\"1608768000000\":401.235168457,\"1608854400000\":400.3650512695}}"
}{
    "tatamotors": "{\"Open\":{\"1606348800000\":157.6529998779,\"1606435200000\":158.2927703857,\"1606521600000\":158.6048431396,\"1606608000000\":158.8091583252,\"1606694400000\":158.6103210449,\"1606780800000\":157.9606781006,\"1606867200000\":157.4141540527,\"1606953600000\":157.0774383545,\"1607040000000\":157.1491394043,\"1607126400000\":157.3984832764,\"1607212800000\":157.8175201416,\"1607299200000\":158.090423584,\"1607385600000\":158.219909668,\"1607472000000\":157.8420715332,\"1607558400000\":156.9601593018,\"1607644800000\":155.9719238281,\"1607731200000\":154.7197113037,\"1607817600000\":153.7183074951,\"1607904000000\":153.3091888428,\"1607990400000\":153.3538513184,\"1608076800000\":153.5559997559,\"1608163200000\":153.9563140869,\"1608249600000\":154.357635498,\"1608336000000\":155.0202026367,\"1608422400000\":155.6898345947,\"1608508800000\":156.1935577393,\"1608595200000\":156.4207458496,\"1608681600000\":156.3021697998,\"1608768000000\":155.9479370117,\"1608854400000\":155.3997039795}}"
}{
    "tcs": "{\"Open\":{\"1606348800000\":2099.9743652344,\"1606435200000\":2099.7727050781,\"1606521600000\":2099.6877441406,\"1606608000000\":2099.7756347656,\"1606694400000\":2099.7507324219,\"1606780800000\":2099.9665527344,\"1606867200000\":2100.3796386719,\"1606953600000\":2100.6691894531,\"1607040000000\":2100.7048339844,\"1607126400000\":2100.7958984375,\"1607212800000\":2100.9697265625,\"1607299200000\":2101.3571777344,\"1607385600000\":2101.89453125,\"1607472000000\":2102.5720214844,\"1607558400000\":2103.0681152344,\"1607644800000\":2103.6528320312,\"1607731200000\":2104.5563964844,\"1607817600000\":2106.1984863281,\"1607904000000\":2107.2629394531,\"1607990400000\":2107.82421875,\"1608076800000\":2108.224609375,\"1608163200000\":2108.3078613281,\"1608249600000\":2107.7648925781,\"1608336000000\":2106.8569335938,\"1608422400000\":2106.0107421875,\"1608508800000\":2105.19921875,\"1608595200000\":2104.1506347656,\"1608681600000\":2103.7954101562,\"1608768000000\":2103.4716796875,\"1608854400000\":2103.2065429688}}"
}