{
    "tatacomm": "{\"Open\":{\"1606348800000\":632.380065918,\"1606435200000\":632.1030273438,\"1606521600000\":631.9215087891,\"1606608000000\":631.6264648438,\"1606694400000\":631.4463500977,\"1606780800000\":631.5549926758,\"1606867200000\":631.503112793,\"1606953600000\":631.5236816406,\"1607040000000\":631.3823242188,\"1607126400000\":631.0295410156,\"1607212800000\":630.8400878906,\"1607299200000\":630.8623046875,\"1607385600000\":631.0111083984,\"1607472000000\":631.3729858398,\"1607558400000\":631.9725341797,\"1607644800000\":632.2830810547,\"1607731200000\":632.568359375,\"1607817600000\":632.6938476562,\"1607904000000\":632.5270996094,\"1607990400000\":632.3161621094,\"1608076800000\":632.4233398438,\"1608163200000\":632.6517944336,\"1608249600000\":632.7659912109,\"1608336000000\":632.7453613281,\"1608422400000\":632.8164672852,\"1608508800000\":632.7321777344,\"1608595200000\":632.6243896484,\"1608681600000\":632.5483398438,\"1608768000000\":632.4381713867,\"1608854400000\":632.3369140625}}",
    "tvsmotor": "{\"Open\":{\"1606348800000\":419.5232543945,\"1606435200000\":417.9853515625,\"1606521600000\":416.645111084,\"1606608000000\":415.729888916,\"1606694400000\":415.0992736816,\"1606780800000\":414.6773071289,\"1606867200000\":414.5071716309,\"1606953600000\":414.7209777832,\"1607040000000\":415.7695007324,\"1607126400000\":417.3116149902,\"1607212800000\":419.4181213379,\"1607299200000\":421.3489379883,\"1607385600000\":422.9609680176,\"1607472000000\":423.6653442383,\"1607558400000\":422.9190368652,\"1607644800000\":421.6214599609,\"1607731200000\":419.7872009277,\"1607817600000\":418.4769897461,\"1607904000000\":419.1081542969,\"1607990400000\":421.627532959,\"1608076800000\":424.7050476074,\"1608163200000\":428.5985412598,\"1608249600000\":432.0083618164,\"1608336000000\":434.4140319824,\"1608422400000\":436.0594482422,\"1608508800000\":437.423614502,\"1608595200000\":437.9208374023,\"1608681600000\":437.7341918945,\"1608768000000\":436.5032043457,\"1608854400000\":434.6951904297}}",
    "axisbank": "{\"Open\":{\"1606348800000\":510.8591918945,\"1606435200000\":511.3788757324,\"1606521600000\":510.9093017578,\"1606608000000\":509.8964538574,\"1606694400000\":508.7066345215,\"1606780800000\":507.1142883301,\"1606867200000\":505.6629943848,\"1606953600000\":504.6264343262,\"1607040000000\":503.9881896973,\"1607126400000\":503.5030212402,\"1607212800000\":503.1756896973,\"1607299200000\":502.7404174805,\"1607385600000\":502.3674621582,\"1607472000000\":501.8187866211,\"1607558400000\":500.7931518555,\"1607644800000\":499.6132202148,\"1607731200000\":498.3480834961,\"1607817600000\":497.2021789551,\"1607904000000\":496.7315673828,\"1607990400000\":496.8196105957,\"1608076800000\":496.7699890137,\"1608163200000\":496.977935791,\"1608249600000\":497.5170593262,\"1608336000000\":498.1796264648,\"1608422400000\":498.8538513184,\"1608508800000\":499.5772399902,\"1608595200000\":500.4239807129,\"1608681600000\":501.6367797852,\"1608768000000\":502.6091308594,\"1608854400000\":503.399017334}}",
    "adanigreen": "{\"Open\":{\"1606348800000\":394.3050537109,\"1606435200000\":401.3906860352,\"1606521600000\":407.1135559082,\"1606608000000\":410.0813293457,\"1606694400000\":412.4269104004,\"1606780800000\":413.8517456055,\"1606867200000\":414.9801635742,\"1606953600000\":416.4960632324,\"1607040000000\":418.0060119629,\"1607126400000\":419.902557373,\"1607212800000\":421.7520751953,\"1607299200000\":423.6800231934,\"1607385600000\":424.4700622559,\"1607472000000\":424.6537780762,\"1607558400000\":423.9923400879,\"1607644800000\":421.9555664062,\"1607731200000\":419.5025634766,\"1607817600000\":417.491027832,\"1607904000000\":416.6054077148,\"1607990400000\":416.8350219727,\"1608076800000\":417.7376403809,\"1608163200000\":419.1324157715,\"1608249600000\":420.3896179199,\"1608336000000\":421.2038269043,\"1608422400000\":420.9753417969,\"1608508800000\":420.0592956543,\"1608595200000\":418.8059082031,\"1608681600000\":417.2282714844,\"1608768000000\":415.9190673828,\"1608854400000\":414.9340515137}}",
    "tatamotors": "{\"Open\":{\"1606348800000\":156.6742553711,\"1606435200000\":157.4493560791,\"1606521600000\":158.036895752,\"1606608000000\":158.4866790771,\"1606694400000\":158.603515625,\"1606780800000\":158.3148498535,\"1606867200000\":157.9677886963,\"1606953600000\":157.7177886963,\"1607040000000\":157.7280426025,\"1607126400000\":157.8936462402,\"1607212800000\":158.2149658203,\"1607299200000\":158.4744110107,\"1607385600000\":158.6417694092,\"1607472000000\":158.4489135742,\"1607558400000\":157.8394317627,\"1607644800000\":157.0432739258,\"1607731200000\":156.0233917236,\"1607817600000\":155.0713806152,\"1607904000000\":154.4502258301,\"1607990400000\":154.1657867432,\"1608076800000\":154.0734100342,\"1608163200000\":154.1541748047,\"1608249600000\":154.3161773682,\"1608336000000\":154.7164764404,\"1608422400000\":155.2239685059,\"1608508800000\":155.6996154785,\"1608595200000\":156.016998291,\"1608681600000\":156.0892944336,\"1608768000000\":155.9569549561,\"1608854400000\":155.6334991455}}",
    "tcs": "{\"Open\":{\"1606348800000\":2085.6184082031,\"1606435200000\":2085.9562988281,\"1606521600000\":2086.4982910156,\"1606608000000\":2087.1630859375,\"1606694400000\":2088.17578125,\"1606780800000\":2089.2827148438,\"1606867200000\":2090.1879882812,\"1606953600000\":2090.8884277344,\"1607040000000\":2091.5610351562,\"1607126400000\":2092.8063964844,\"1607212800000\":2094.2314453125,\"1607299200000\":2095.4934082031,\"1607385600000\":2096.3371582031,\"1607472000000\":2096.9340820312,\"1607558400000\":2097.2658691406,\"1607644800000\":2097.8637695312,\"1607731200000\":2098.1979980469,\"1607817600000\":2097.8969726562,\"1607904000000\":2098.0324707031,\"1607990400000\":2098.2487792969,\"1608076800000\":2099.0424804688,\"1608163200000\":2099.7348632812,\"1608249600000\":2098.9719238281,\"1608336000000\":2098.353515625,\"1608422400000\":2097.4709472656,\"1608508800000\":2095.59375,\"1608595200000\":2094.6108398438,\"1608681600000\":2093.6811523438,\"1608768000000\":2093.0349121094,\"1608854400000\":2092.724609375}}"
}