{
    "TATACOMM.NS": "{\"Open\":{\"1606348800000\":623.5428466797,\"1606435200000\":623.2678833008,\"1606521600000\":623.1353149414,\"1606608000000\":622.8355712891,\"1606694400000\":622.8389282227,\"1606780800000\":623.0923461914,\"1606867200000\":623.0071411133,\"1606953600000\":623.0796508789,\"1607040000000\":622.8929443359,\"1607126400000\":622.4790039062,\"1607212800000\":622.335144043,\"1607299200000\":622.53515625,\"1607385600000\":622.8021240234,\"1607472000000\":623.3642578125,\"1607558400000\":624.139831543,\"1607644800000\":624.3402099609,\"1607731200000\":624.5798339844,\"1607817600000\":624.5030517578,\"1607904000000\":624.0191040039,\"1607990400000\":623.5942993164,\"1608076800000\":623.6920776367,\"1608163200000\":623.7463989258,\"1608249600000\":623.6705932617,\"1608336000000\":623.6127319336,\"1608422400000\":623.7437744141,\"1608508800000\":623.6666259766,\"1608595200000\":623.501159668,\"1608681600000\":623.4668579102,\"1608768000000\":623.4264526367,\"1608854400000\":623.3502807617}}",
    "TVSMOTOR.NS": "{\"Open\":{\"1606348800000\":457.6591796875,\"1606435200000\":456.4527282715,\"1606521600000\":455.4753723145,\"1606608000000\":454.7176818848,\"1606694400000\":454.312286377,\"1606780800000\":454.0008544922,\"1606867200000\":453.8994140625,\"1606953600000\":453.9055786133,\"1607040000000\":454.2436218262,\"1607126400000\":455.0835266113,\"1607212800000\":456.228302002,\"1607299200000\":457.4416809082,\"1607385600000\":458.4438781738,\"1607472000000\":458.9174499512,\"1607558400000\":458.5430908203,\"1607644800000\":457.6781921387,\"1607731200000\":456.4920349121,\"1607817600000\":455.4221496582,\"1607904000000\":455.5032348633,\"1607990400000\":457.503112793,\"1608076800000\":460.4091186523,\"1608163200000\":463.8079528809,\"1608249600000\":467.05859375,\"1608336000000\":469.3636474609,\"1608422400000\":470.7294921875,\"1608508800000\":471.9799194336,\"1608595200000\":472.8149719238,\"1608681600000\":473.2719421387,\"1608768000000\":473.0514221191,\"1608854400000\":472.1331481934}}",
    "AXISBANK.NS": "{\"Open\":{\"1606348800000\":537.6638793945,\"1606435200000\":536.9860839844,\"1606521600000\":534.6422119141,\"1606608000000\":531.7523803711,\"1606694400000\":528.7630615234,\"1606780800000\":525.3288574219,\"1606867200000\":522.7478637695,\"1606953600000\":521.3566894531,\"1607040000000\":520.8278198242,\"1607126400000\":520.7423706055,\"1607212800000\":520.9034423828,\"1607299200000\":520.9108886719,\"1607385600000\":520.9098510742,\"1607472000000\":520.3291015625,\"1607558400000\":518.8849487305,\"1607644800000\":517.4146728516,\"1607731200000\":515.9003295898,\"1607817600000\":514.9216308594,\"1607904000000\":515.5554199219,\"1607990400000\":517.0427856445,\"1608076800000\":518.0645141602,\"1608163200000\":519.3108520508,\"1608249600000\":520.936706543,\"1608336000000\":522.4642944336,\"1608422400000\":523.6451416016,\"1608508800000\":524.6337890625,\"1608595200000\":525.7489624023,\"1608681600000\":527.3306274414,\"1608768000000\":528.3729858398,\"1608854400000\":528.8836669922}}",
    "ADANIGREEN.NS": "{\"Open\":{\"1606348800000\":385.2463378906,\"1606435200000\":390.8251342773,\"1606521600000\":392.8081054688,\"1606608000000\":392.1204528809,\"1606694400000\":391.0484313965,\"1606780800000\":389.0880737305,\"1606867200000\":388.3052978516,\"1606953600000\":387.192199707,\"1607040000000\":387.4342651367,\"1607126400000\":388.6635742188,\"1607212800000\":390.2532653809,\"1607299200000\":391.1770629883,\"1607385600000\":391.9154052734,\"1607472000000\":392.3661193848,\"1607558400000\":391.387512207,\"1607644800000\":389.4348449707,\"1607731200000\":385.9599914551,\"1607817600000\":385.4202270508,\"1607904000000\":387.0143432617,\"1607990400000\":390.1951599121,\"1608076800000\":394.0067749023,\"1608163200000\":398.0937805176,\"1608249600000\":402.6479797363,\"1608336000000\":406.3853759766,\"1608422400000\":408.8648681641,\"1608508800000\":410.0510559082,\"1608595200000\":410.9783325195,\"1608681600000\":411.0456237793,\"1608768000000\":410.7914123535,\"1608854400000\":412.2866821289}}",
    "TATAMOTORS.NS": "{\"Open\":{\"1606348800000\":159.1265258789,\"1606435200000\":159.755355835,\"1606521600000\":160.1548156738,\"1606608000000\":160.4097442627,\"1606694400000\":160.3158416748,\"1606780800000\":159.7662353516,\"1606867200000\":159.2247314453,\"1606953600000\":158.8936767578,\"1607040000000\":158.924118042,\"1607126400000\":159.1488647461,\"1607212800000\":159.5166168213,\"1607299200000\":159.7739562988,\"1607385600000\":159.882598877,\"1607472000000\":159.5534210205,\"1607558400000\":158.733001709,\"1607644800000\":157.758972168,\"1607731200000\":156.6060638428,\"1607817600000\":155.6078186035,\"1607904000000\":155.104888916,\"1607990400000\":155.0587463379,\"1608076800000\":155.1883239746,\"1608163200000\":155.4656524658,\"1608249600000\":155.7796325684,\"1608336000000\":156.299621582,\"1608422400000\":156.9065551758,\"1608508800000\":157.399887085,\"1608595200000\":157.6647186279,\"1608681600000\":157.6217193604,\"1608768000000\":157.3569946289,\"1608854400000\":156.9108123779}}",
    "TCS.NS": "{\"Open\":{\"1606348800000\":2074.1909179688,\"1606435200000\":2073.4582519531,\"1606521600000\":2073.2094726562,\"1606608000000\":2072.5451660156,\"1606694400000\":2071.365234375,\"1606780800000\":2071.0627441406,\"1606867200000\":2070.7229003906,\"1606953600000\":2069.8752441406,\"1607040000000\":2067.5327148438,\"1607126400000\":2065.322265625,\"1607212800000\":2063.9431152344,\"1607299200000\":2063.3452148438,\"1607385600000\":2062.7409667969,\"1607472000000\":2061.8862304688,\"1607558400000\":2060.4978027344,\"1607644800000\":2060.0456542969,\"1607731200000\":2060.96875,\"1607817600000\":2060.6071777344,\"1607904000000\":2059.7905273438,\"1607990400000\":2058.2578125,\"1608076800000\":2057.1005859375,\"1608163200000\":2055.9897460938,\"1608249600000\":2053.3942871094,\"1608336000000\":2051.9836425781,\"1608422400000\":2051.2514648438,\"1608508800000\":2050.1108398438,\"1608595200000\":2049.7749023438,\"1608681600000\":2049.6625976562,\"1608768000000\":2049.3852539062,\"1608854400000\":2049.1447753906}}",
    "IDEA.NS": "{\"Open\":{\"1606348800000\":9.0705890656,\"1606435200000\":9.2116775513,\"1606521600000\":9.4298400879,\"1606608000000\":9.7250785828,\"1606694400000\":9.9675426483,\"1606780800000\":10.0809936523,\"1606867200000\":10.1433696747,\"1606953600000\":10.1819858551,\"1607040000000\":10.2171478271,\"1607126400000\":10.2818145752,\"1607212800000\":10.3498897552,\"1607299200000\":10.385515213,\"1607385600000\":10.3962898254,\"1607472000000\":10.3740692139,\"1607558400000\":10.2887554169,\"1607644800000\":10.1453781128,\"1607731200000\":9.9479064941,\"1607817600000\":9.7977752686,\"1607904000000\":9.7460289001,\"1607990400000\":9.7148284912,\"1608076800000\":9.6702003479,\"1608163200000\":9.5975799561,\"1608249600000\":9.5104503632,\"1608336000000\":9.4139728546,\"1608422400000\":9.3057727814,\"1608508800000\":9.2050170898,\"1608595200000\":9.136844635,\"1608681600000\":9.0837421417,\"1608768000000\":9.0213394165,\"1608854400000\":8.9570007324}}"
}