{
    "TATACOMM.NS": "{\"Open\":{\"1607040000000\":656.6754760742,\"1607126400000\":656.6086425781,\"1607212800000\":656.6577758789,\"1607299200000\":656.4780273438,\"1607385600000\":656.1271362305,\"1607472000000\":655.9661254883,\"1607558400000\":656.0209960938,\"1607644800000\":656.2984008789,\"1607731200000\":656.7518920898,\"1607817600000\":657.3081665039,\"1607904000000\":657.40625,\"1607990400000\":657.4002685547,\"1608076800000\":657.1796264648,\"1608163200000\":656.8402709961,\"1608249600000\":656.628112793,\"1608336000000\":656.8781738281,\"1608422400000\":657.234375,\"1608508800000\":657.3338623047,\"1608595200000\":657.3352050781,\"1608681600000\":657.4141845703,\"1608768000000\":657.3342285156,\"1608854400000\":657.2028808594,\"1608940800000\":657.0726928711,\"1609027200000\":656.9575195312,\"1609113600000\":656.9213256836,\"1609200000000\":656.9497070312,\"1609286400000\":656.9682617188,\"1609372800000\":656.0073852539,\"1609459200000\":655.376953125,\"1609545600000\":654.9616088867}}",
    "TVSMOTOR.NS": "{\"Open\":{\"1607040000000\":448.5556945801,\"1607126400000\":449.1157836914,\"1607212800000\":449.9865722656,\"1607299200000\":451.7881774902,\"1607385600000\":454.3282165527,\"1607472000000\":457.4080505371,\"1607558400000\":460.2620544434,\"1607644800000\":462.4476318359,\"1607731200000\":463.3604125977,\"1607817600000\":462.3678894043,\"1607904000000\":460.294342041,\"1607990400000\":457.3028259277,\"1608076800000\":455.0001525879,\"1608163200000\":456.3366088867,\"1608249600000\":462.2751464844,\"1608336000000\":470.1271057129,\"1608422400000\":478.8527526855,\"1608508800000\":486.0026550293,\"1608595200000\":489.5967102051,\"1608681600000\":489.3901672363,\"1608768000000\":486.8355102539,\"1608854400000\":482.073425293,\"1608940800000\":475.9991760254,\"1609027200000\":468.5368041992,\"1609113600000\":460.0372924805,\"1609200000000\":451.862121582,\"1609286400000\":444.9815368652,\"1609372800000\":439.3753051758,\"1609459200000\":433.4111022949,\"1609545600000\":426.3929138184}}",
    "AXISBANK.NS": "{\"Open\":{\"1607040000000\":558.5036010742,\"1607126400000\":557.9299316406,\"1607212800000\":557.7165527344,\"1607299200000\":557.8432006836,\"1607385600000\":558.0980834961,\"1607472000000\":558.4161987305,\"1607558400000\":558.7145996094,\"1607644800000\":558.9088745117,\"1607731200000\":559.1233520508,\"1607817600000\":559.2237548828,\"1607904000000\":559.0772094727,\"1607990400000\":559.0139160156,\"1608076800000\":558.8482055664,\"1608163200000\":558.576171875,\"1608249600000\":558.7126464844,\"1608336000000\":559.0322875977,\"1608422400000\":559.1068725586,\"1608508800000\":559.2349853516,\"1608595200000\":559.4766235352,\"1608681600000\":559.6804199219,\"1608768000000\":559.8318481445,\"1608854400000\":559.8827514648,\"1608940800000\":560.0028686523,\"1609027200000\":560.2154541016,\"1609113600000\":560.2365112305,\"1609200000000\":560.1777954102,\"1609286400000\":560.0895996094,\"1609372800000\":559.9797973633,\"1609459200000\":560.1833496094,\"1609545600000\":560.5755004883}}",
    "ADANIGREEN.NS": "{\"Open\":{\"1607040000000\":338.7592468262,\"1607126400000\":337.1585083008,\"1607212800000\":336.147277832,\"1607299200000\":335.0213623047,\"1607385600000\":334.261138916,\"1607472000000\":333.7453918457,\"1607558400000\":333.3524780273,\"1607644800000\":332.5135192871,\"1607731200000\":331.731628418,\"1607817600000\":331.3296813965,\"1607904000000\":330.5243530273,\"1607990400000\":329.8274841309,\"1608076800000\":328.3354492188,\"1608163200000\":328.0387573242,\"1608249600000\":328.5637512207,\"1608336000000\":329.5323486328,\"1608422400000\":330.5034484863,\"1608508800000\":331.0870361328,\"1608595200000\":331.7612915039,\"1608681600000\":332.1781616211,\"1608768000000\":332.0043640137,\"1608854400000\":331.4549255371,\"1608940800000\":331.0905151367,\"1609027200000\":330.5643310547,\"1609113600000\":329.9585266113,\"1609200000000\":330.2950744629,\"1609286400000\":330.7714233398,\"1609372800000\":331.0816345215,\"1609459200000\":331.4481201172,\"1609545600000\":331.5207824707}}",
    "TATAMOTORS.NS": "{\"Open\":{\"1607040000000\":162.3493347168,\"1607126400000\":158.7532348633,\"1607212800000\":156.3115539551,\"1607299200000\":155.6398468018,\"1607385600000\":155.8810424805,\"1607472000000\":156.7915649414,\"1607558400000\":157.255065918,\"1607644800000\":157.0467376709,\"1607731200000\":155.1314086914,\"1607817600000\":151.1540679932,\"1607904000000\":146.6201782227,\"1607990400000\":141.3818664551,\"1608076800000\":137.0602722168,\"1608163200000\":135.3454589844,\"1608249600000\":135.9213562012,\"1608336000000\":137.3571472168,\"1608422400000\":139.4510345459,\"1608508800000\":141.5474243164,\"1608595200000\":144.4440460205,\"1608681600000\":147.4707336426,\"1608768000000\":149.6899719238,\"1608854400000\":150.6459655762,\"1608940800000\":150.0996398926,\"1609027200000\":148.4918518066,\"1609113600000\":146.1502838135,\"1609200000000\":143.5931396484,\"1609286400000\":141.2349853516,\"1609372800000\":139.7309875488,\"1609459200000\":138.9590454102,\"1609545600000\":139.2624206543}}",
    "TCS.NS": "{\"Open\":{\"1607040000000\":2011.1315917969,\"1607126400000\":2011.6317138672,\"1607212800000\":2012.1977539062,\"1607299200000\":2012.7977294922,\"1607385600000\":2012.9155273438,\"1607472000000\":2013.3682861328,\"1607558400000\":2013.8969726562,\"1607644800000\":2014.1715087891,\"1607731200000\":2014.3166503906,\"1607817600000\":2014.5158691406,\"1607904000000\":2014.6315917969,\"1607990400000\":2014.6749267578,\"1608076800000\":2014.4810791016,\"1608163200000\":2014.1907958984,\"1608249600000\":2013.9075927734,\"1608336000000\":2013.7017822266,\"1608422400000\":2013.5804443359,\"1608508800000\":2013.0142822266,\"1608595200000\":2012.224609375,\"1608681600000\":2011.4578857422,\"1608768000000\":2010.4244384766,\"1608854400000\":2010.0050048828,\"1608940800000\":2009.5568847656,\"1609027200000\":2009.1202392578,\"1609113600000\":2008.8092041016,\"1609200000000\":2008.8862304688,\"1609286400000\":2008.9846191406,\"1609372800000\":2009.2353515625,\"1609459200000\":2009.3891601562,\"1609545600000\":2009.8383789062}}"
}