{
    "TATACOMM.NS": "{\"Open\":{\"1606953600000\":674.2014770508,\"1607040000000\":674.6586303711,\"1607126400000\":674.6705932617,\"1607212800000\":674.9882202148,\"1607299200000\":674.7451782227,\"1607385600000\":674.2670898438,\"1607472000000\":674.2731933594,\"1607558400000\":674.6201782227,\"1607644800000\":674.8908081055,\"1607731200000\":675.2854003906,\"1607817600000\":675.7016601562,\"1607904000000\":675.4288330078,\"1607990400000\":675.3737792969,\"1608076800000\":674.7924804688,\"1608163200000\":673.9262695312,\"1608249600000\":673.4265136719,\"1608336000000\":673.5734863281,\"1608422400000\":673.6595458984,\"1608508800000\":673.6821289062,\"1608595200000\":673.8305664062,\"1608681600000\":674.118347168,\"1608768000000\":673.9495849609,\"1608854400000\":674.0082397461,\"1608940800000\":674.2147827148,\"1609027200000\":674.3120117188,\"1609113600000\":674.2723388672,\"1609200000000\":674.455871582,\"1609286400000\":674.4063720703,\"1609372800000\":673.4700927734,\"1609459200000\":673.1128540039}}"
}{
    "TVSMOTOR.NS": "{\"Open\":{\"1606953600000\":441.507598877,\"1607040000000\":436.3845825195,\"1607126400000\":431.8418273926,\"1607212800000\":427.5895385742,\"1607299200000\":424.9234924316,\"1607385600000\":423.2707214355,\"1607472000000\":422.5684204102,\"1607558400000\":421.4345397949,\"1607644800000\":419.558380127,\"1607731200000\":415.7176818848,\"1607817600000\":408.8892211914,\"1607904000000\":401.131439209,\"1607990400000\":392.5996704102,\"1608076800000\":385.7800292969,\"1608163200000\":383.5530090332,\"1608249600000\":386.0385437012,\"1608336000000\":390.540802002,\"1608422400000\":397.046295166,\"1608508800000\":403.0833740234,\"1608595200000\":407.2934265137,\"1608681600000\":409.4184570312,\"1608768000000\":410.5463256836,\"1608854400000\":409.9209594727,\"1608940800000\":407.8572998047,\"1609027200000\":403.9848937988,\"1609113600000\":399.0471496582,\"1609200000000\":394.280090332,\"1609286400000\":390.4551086426,\"1609372800000\":387.361328125,\"1609459200000\":384.325958252}}"
}{
    "AXISBANK.NS": "{\"Open\":{\"1606953600000\":552.5928955078,\"1607040000000\":552.6774291992,\"1607126400000\":552.7348022461,\"1607212800000\":552.6840209961,\"1607299200000\":552.5900268555,\"1607385600000\":552.5288085938,\"1607472000000\":552.4769897461,\"1607558400000\":552.4531860352,\"1607644800000\":552.4251708984,\"1607731200000\":552.3888549805,\"1607817600000\":552.4508666992,\"1607904000000\":552.5250244141,\"1607990400000\":552.561706543,\"1608076800000\":552.5861206055,\"1608163200000\":552.5260009766,\"1608249600000\":552.3727416992,\"1608336000000\":552.3193359375,\"1608422400000\":552.3001708984,\"1608508800000\":552.2191772461,\"1608595200000\":552.1490478516,\"1608681600000\":552.1213378906,\"1608768000000\":552.1033935547,\"1608854400000\":552.0830078125,\"1608940800000\":552.0438232422,\"1609027200000\":552.0413208008,\"1609113600000\":552.0867919922,\"1609200000000\":552.1149902344,\"1609286400000\":552.1597900391,\"1609372800000\":552.1572265625,\"1609459200000\":552.1141967773}}"
}{
    "ADANIGREEN.NS": "{\"Open\":{\"1606953600000\":337.0553894043,\"1607040000000\":334.2055053711,\"1607126400000\":333.259185791,\"1607212800000\":331.9785461426,\"1607299200000\":332.3824462891,\"1607385600000\":333.5999450684,\"1607472000000\":334.8084106445,\"1607558400000\":335.121307373,\"1607644800000\":334.5292663574,\"1607731200000\":333.2919616699,\"1607817600000\":330.3887634277,\"1607904000000\":326.4974060059,\"1607990400000\":320.7962646484,\"1608076800000\":318.9339294434,\"1608163200000\":320.1158447266,\"1608249600000\":323.2727355957,\"1608336000000\":326.5448303223,\"1608422400000\":329.7283935547,\"1608508800000\":332.7743225098,\"1608595200000\":334.1743469238,\"1608681600000\":333.7098999023,\"1608768000000\":331.2359924316,\"1608854400000\":328.8254394531,\"1608940800000\":325.8949890137,\"1609027200000\":323.008605957,\"1609113600000\":322.3148498535,\"1609200000000\":322.4541931152,\"1609286400000\":322.647277832,\"1609372800000\":322.7611999512,\"1609459200000\":322.403137207}}"
}{
    "TATAMOTORS.NS": "{\"Open\":{\"1606953600000\":181.7628936768,\"1607040000000\":178.5986480713,\"1607126400000\":175.6142425537,\"1607212800000\":173.5606231689,\"1607299200000\":173.1932220459,\"1607385600000\":173.8439788818,\"1607472000000\":175.39453125,\"1607558400000\":176.6568145752,\"1607644800000\":177.4335327148,\"1607731200000\":176.4323577881,\"1607817600000\":173.3359527588,\"1607904000000\":169.3931732178,\"1607990400000\":164.2918701172,\"1608076800000\":159.7958984375,\"1608163200000\":157.5541992188,\"1608249600000\":157.4645233154,\"1608336000000\":158.5666656494,\"1608422400000\":160.6504669189,\"1608508800000\":163.0198822021,\"1608595200000\":166.3773345947,\"1608681600000\":169.7092895508,\"1608768000000\":172.3046722412,\"1608854400000\":173.573928833,\"1608940800000\":173.2219848633,\"1609027200000\":171.6088104248,\"1609113600000\":168.997543335,\"1609200000000\":165.8847198486,\"1609286400000\":162.86769104,\"1609372800000\":160.6762084961,\"1609459200000\":159.3029937744}}"
}{
    "TCS.NS": "{\"Open\":{\"1606953600000\":2067.0043945312,\"1607040000000\":2067.8098144531,\"1607126400000\":2068.484375,\"1607212800000\":2068.7446289062,\"1607299200000\":2068.8256835938,\"1607385600000\":2069.9331054688,\"1607472000000\":2071.0607910156,\"1607558400000\":2071.7751464844,\"1607644800000\":2072.2568359375,\"1607731200000\":2072.5910644531,\"1607817600000\":2072.6611328125,\"1607904000000\":2072.6875,\"1607990400000\":2072.2136230469,\"1608076800000\":2071.5339355469,\"1608163200000\":2071.4291992188,\"1608249600000\":2071.6120605469,\"1608336000000\":2072.4030761719,\"1608422400000\":2073.1772460938,\"1608508800000\":2073.2893066406,\"1608595200000\":2073.3972167969,\"1608681600000\":2073.2060546875,\"1608768000000\":2072.6794433594,\"1608854400000\":2072.388671875,\"1608940800000\":2072.0810546875,\"1609027200000\":2072.0834960938,\"1609113600000\":2072.2609863281,\"1609200000000\":2072.5380859375,\"1609286400000\":2072.9008789062,\"1609372800000\":2073.392578125,\"1609459200000\":2073.8811035156}}"
}