{
    "TATACOMM.NS": "{\"Open\":{\"1607040000000\":652.6275634766,\"1607126400000\":652.2999267578,\"1607212800000\":652.0106201172,\"1607299200000\":651.7704467773,\"1607385600000\":651.6619262695,\"1607472000000\":651.8583374023,\"1607558400000\":652.1547851562,\"1607644800000\":651.8869628906,\"1607731200000\":651.1517944336,\"1607817600000\":649.7256469727,\"1607904000000\":647.9052124023,\"1607990400000\":646.0575561523,\"1608076800000\":645.0946044922,\"1608163200000\":645.4813232422,\"1608249600000\":646.8095703125,\"1608336000000\":648.4840087891,\"1608422400000\":649.5247192383,\"1608508800000\":650.4006958008,\"1608595200000\":651.0152587891,\"1608681600000\":651.4266357422,\"1608768000000\":651.6829223633,\"1608854400000\":651.8282470703,\"1608940800000\":652.117980957,\"1609027200000\":652.1956787109,\"1609113600000\":652.1019897461,\"1609200000000\":651.8350219727,\"1609286400000\":651.7004394531,\"1609372800000\":651.8659667969,\"1609459200000\":652.8825683594,\"1609545600000\":653.6901245117}}",
    "TVSMOTOR.NS": "{\"Open\":{\"1607040000000\":390.0735778809,\"1607126400000\":390.4573669434,\"1607212800000\":391.2705383301,\"1607299200000\":393.7325439453,\"1607385600000\":397.1586914062,\"1607472000000\":401.4881286621,\"1607558400000\":405.34375,\"1607644800000\":408.4381408691,\"1607731200000\":409.5975952148,\"1607817600000\":407.9914550781,\"1607904000000\":405.251953125,\"1607990400000\":401.3225097656,\"1608076800000\":398.3622741699,\"1608163200000\":399.2627868652,\"1608249600000\":404.3584899902,\"1608336000000\":410.716583252,\"1608422400000\":418.2754211426,\"1608508800000\":424.8679199219,\"1608595200000\":429.3853149414,\"1608681600000\":431.7305297852,\"1608768000000\":433.2070007324,\"1608854400000\":433.1875305176,\"1608940800000\":432.1380615234,\"1609027200000\":429.786529541,\"1609113600000\":426.4990539551,\"1609200000000\":423.4824523926,\"1609286400000\":421.236114502,\"1609372800000\":419.7648925781,\"1609459200000\":417.980682373,\"1609545600000\":415.7077026367}}",
    "AXISBANK.NS": "{\"Open\":{\"1607040000000\":545.0471191406,\"1607126400000\":544.7185668945,\"1607212800000\":544.5316162109,\"1607299200000\":544.5068359375,\"1607385600000\":544.4260864258,\"1607472000000\":544.5032348633,\"1607558400000\":544.5059814453,\"1607644800000\":544.5775756836,\"1607731200000\":544.5586547852,\"1607817600000\":544.3892211914,\"1607904000000\":544.2503662109,\"1607990400000\":544.080078125,\"1608076800000\":543.9439086914,\"1608163200000\":544.0492553711,\"1608249600000\":544.2330932617,\"1608336000000\":544.2168579102,\"1608422400000\":544.4311523438,\"1608508800000\":544.703125,\"1608595200000\":544.8787841797,\"1608681600000\":545.0305786133,\"1608768000000\":545.2572021484,\"1608854400000\":545.3940429688,\"1608940800000\":545.7161865234,\"1609027200000\":545.8118896484,\"1609113600000\":545.8311767578,\"1609200000000\":546.0014038086,\"1609286400000\":545.9598999023,\"1609372800000\":546.1422119141,\"1609459200000\":546.3121948242,\"1609545600000\":546.5587158203}}",
    "ADANIGREEN.NS": "{\"Open\":{\"1607040000000\":345.2657165527,\"1607126400000\":344.6087341309,\"1607212800000\":343.7523193359,\"1607299200000\":343.4137573242,\"1607385600000\":343.5005187988,\"1607472000000\":343.9603271484,\"1607558400000\":343.6861572266,\"1607644800000\":343.2807922363,\"1607731200000\":342.5071411133,\"1607817600000\":340.9999389648,\"1607904000000\":338.9913024902,\"1607990400000\":336.0260314941,\"1608076800000\":334.5839233398,\"1608163200000\":334.6062316895,\"1608249600000\":335.724395752,\"1608336000000\":337.3544311523,\"1608422400000\":338.6616821289,\"1608508800000\":339.7263183594,\"1608595200000\":340.4090270996,\"1608681600000\":340.5294799805,\"1608768000000\":339.9852294922,\"1608854400000\":339.0876464844,\"1608940800000\":338.1418151855,\"1609027200000\":337.1340942383,\"1609113600000\":336.9404907227,\"1609200000000\":337.2961730957,\"1609286400000\":337.4391174316,\"1609372800000\":337.5774536133,\"1609459200000\":337.4712524414,\"1609545600000\":337.2085876465}}",
    "TATAMOTORS.NS": "{\"Open\":{\"1607040000000\":180.4765777588,\"1607126400000\":176.610458374,\"1607212800000\":174.0326843262,\"1607299200000\":173.5350799561,\"1607385600000\":174.1328125,\"1607472000000\":175.6299743652,\"1607558400000\":176.526763916,\"1607644800000\":176.5624237061,\"1607731200000\":174.5803070068,\"1607817600000\":170.0517120361,\"1607904000000\":164.7088012695,\"1607990400000\":158.4592285156,\"1608076800000\":153.1923980713,\"1608163200000\":150.8981628418,\"1608249600000\":151.3958129883,\"1608336000000\":153.1280212402,\"1608422400000\":155.6833496094,\"1608508800000\":158.2035522461,\"1608595200000\":161.5095825195,\"1608681600000\":164.6997680664,\"1608768000000\":166.9374084473,\"1608854400000\":167.7401580811,\"1608940800000\":166.8213500977,\"1609027200000\":164.6814880371,\"1609113600000\":161.7261047363,\"1609200000000\":158.6144104004,\"1609286400000\":155.7267608643,\"1609372800000\":153.8846893311,\"1609459200000\":152.9777679443,\"1609545600000\":153.3636932373}}",
    "TCS.NS": "{\"Open\":{\"1607040000000\":2081.2868652344,\"1607126400000\":2082.4313964844,\"1607212800000\":2083.337890625,\"1607299200000\":2084.4174804688,\"1607385600000\":2086.5173339844,\"1607472000000\":2088.9453125,\"1607558400000\":2091.0065917969,\"1607644800000\":2092.3557128906,\"1607731200000\":2093.271484375,\"1607817600000\":2093.8530273438,\"1607904000000\":2094.9504394531,\"1607990400000\":2095.8481445312,\"1608076800000\":2095.2485351562,\"1608163200000\":2094.6242675781,\"1608249600000\":2094.2104492188,\"1608336000000\":2094.4731445312,\"1608422400000\":2094.8937988281,\"1608508800000\":2094.9028320312,\"1608595200000\":2096.3815917969,\"1608681600000\":2097.7531738281,\"1608768000000\":2098.318359375,\"1608854400000\":2099.6608886719,\"1608940800000\":2100.3898925781,\"1609027200000\":2100.9780273438,\"1609113600000\":2101.4665527344,\"1609200000000\":2102.1765136719,\"1609286400000\":2102.5434570312,\"1609372800000\":2102.7458496094,\"1609459200000\":2102.7951660156,\"1609545600000\":2103.0412597656}}",
    "IDEA.NS": "{\"Open\":{\"1607040000000\":7.5091824532,\"1607126400000\":7.540415287,\"1607212800000\":7.5633702278,\"1607299200000\":7.6078705788,\"1607385600000\":7.6950726509,\"1607472000000\":7.7777733803,\"1607558400000\":7.8260083199,\"1607644800000\":7.856482029,\"1607731200000\":7.8474526405,\"1607817600000\":7.7820649147,\"1607904000000\":7.6689553261,\"1607990400000\":7.5211892128,\"1608076800000\":7.4352936745,\"1608163200000\":7.4375901222,\"1608249600000\":7.4311566353,\"1608336000000\":7.4010548592,\"1608422400000\":7.3340325356,\"1608508800000\":7.25380373,\"1608595200000\":7.1649136543,\"1608681600000\":7.0685505867,\"1608768000000\":6.9900040627,\"1608854400000\":6.9405331612,\"1608940800000\":6.8962159157,\"1609027200000\":6.8391461372,\"1609113600000\":6.7762684822,\"1609200000000\":6.6969151497,\"1609286400000\":6.6191029549,\"1609372800000\":6.5443577766,\"1609459200000\":6.5002884865,\"1609545600000\":6.492828846}}"
}